client_id,path,sentence,up_votes,down_votes,age,gender,accents,locale,segment
ef93253e47a156a5d68772425165fcf2a1e1c4c4d41ba0f75434e814e68af6109b4c4e206987a3513115b376271fd3a63c3252cc65e4af2fc825d091ab9e22fa,/scratch/s5130867/cv-corpus-13.0-2023-03-09/fy-NL/clips/common_voice_fy-NL_24676085.mp3,"""De gaazjes wienen op amateurbasis.""",2,0,sixties,female,,fy-NL,
ef93253e47a156a5d68772425165fcf2a1e1c4c4d41ba0f75434e814e68af6109b4c4e206987a3513115b376271fd3a63c3252cc65e4af2fc825d091ab9e22fa,/scratch/s5130867/cv-corpus-13.0-2023-03-09/fy-NL/clips/common_voice_fy-NL_24676089.mp3,"""Skriuw de folgjende sân alinea's.""",2,1,sixties,female,,fy-NL,
ef93253e47a156a5d68772425165fcf2a1e1c4c4d41ba0f75434e814e68af6109b4c4e206987a3513115b376271fd3a63c3252cc65e4af2fc825d091ab9e22fa,/scratch/s5130867/cv-corpus-13.0-2023-03-09/fy-NL/clips/common_voice_fy-NL_24676090.mp3,"""Dit hout mei net yn kontakt komme mei de grûn.""",2,0,sixties,female,,fy-NL,
ef93253e47a156a5d68772425165fcf2a1e1c4c4d41ba0f75434e814e68af6109b4c4e206987a3513115b376271fd3a63c3252cc65e4af2fc825d091ab9e22fa,/scratch/s5130867/cv-corpus-13.0-2023-03-09/fy-NL/clips/common_voice_fy-NL_24676098.mp3,"""Hja wurkje troch en krije harren roasterfrije dagen útbetelle.""",2,0,sixties,female,,fy-NL,
ef93253e47a156a5d68772425165fcf2a1e1c4c4d41ba0f75434e814e68af6109b4c4e206987a3513115b376271fd3a63c3252cc65e4af2fc825d091ab9e22fa,/scratch/s5130867/cv-corpus-13.0-2023-03-09/fy-NL/clips/common_voice_fy-NL_24676099.mp3,"""Nei't se in hiel skoft riden ha, komme se by in doarp.""",2,0,sixties,female,,fy-NL,
ef93253e47a156a5d68772425165fcf2a1e1c4c4d41ba0f75434e814e68af6109b4c4e206987a3513115b376271fd3a63c3252cc65e4af2fc825d091ab9e22fa,/scratch/s5130867/cv-corpus-13.0-2023-03-09/fy-NL/clips/common_voice_fy-NL_24676101.mp3,"""Mar it bliuwt in feit dat it technysk besjoen in goed konsept is.""",2,0,sixties,female,,fy-NL,
ef93253e47a156a5d68772425165fcf2a1e1c4c4d41ba0f75434e814e68af6109b4c4e206987a3513115b376271fd3a63c3252cc65e4af2fc825d091ab9e22fa,/scratch/s5130867/cv-corpus-13.0-2023-03-09/fy-NL/clips/common_voice_fy-NL_24676107.mp3,"""Dat liket my heel yngewikkeld wurk en dat komt ek heel krekt allegear.""",2,0,sixties,female,,fy-NL,
ef93253e47a156a5d68772425165fcf2a1e1c4c4d41ba0f75434e814e68af6109b4c4e206987a3513115b376271fd3a63c3252cc65e4af2fc825d091ab9e22fa,/scratch/s5130867/cv-corpus-13.0-2023-03-09/fy-NL/clips/common_voice_fy-NL_24676109.mp3,"""Begelieden stopje.""",2,0,sixties,female,,fy-NL,
ef93253e47a156a5d68772425165fcf2a1e1c4c4d41ba0f75434e814e68af6109b4c4e206987a3513115b376271fd3a63c3252cc65e4af2fc825d091ab9e22fa,/scratch/s5130867/cv-corpus-13.0-2023-03-09/fy-NL/clips/common_voice_fy-NL_24676110.mp3,"""It gers wurdt oanfretten en it lân fan de boeren sit fol gatten.""",2,1,sixties,female,,fy-NL,
ef93253e47a156a5d68772425165fcf2a1e1c4c4d41ba0f75434e814e68af6109b4c4e206987a3513115b376271fd3a63c3252cc65e4af2fc825d091ab9e22fa,/scratch/s5130867/cv-corpus-13.0-2023-03-09/fy-NL/clips/common_voice_fy-NL_24676114.mp3,"""Belje de neiste supermerk.""",2,0,sixties,female,,fy-NL,
ef93253e47a156a5d68772425165fcf2a1e1c4c4d41ba0f75434e814e68af6109b4c4e206987a3513115b376271fd3a63c3252cc65e4af2fc825d091ab9e22fa,/scratch/s5130867/cv-corpus-13.0-2023-03-09/fy-NL/clips/common_voice_fy-NL_24676134.mp3,"""Sykje in wurd.""",2,0,sixties,female,,fy-NL,
ef93253e47a156a5d68772425165fcf2a1e1c4c4d41ba0f75434e814e68af6109b4c4e206987a3513115b376271fd3a63c3252cc65e4af2fc825d091ab9e22fa,/scratch/s5130867/cv-corpus-13.0-2023-03-09/fy-NL/clips/common_voice_fy-NL_24676138.mp3,"""In arbeider is net mear te beteljen.""",2,0,sixties,female,,fy-NL,
ef93253e47a156a5d68772425165fcf2a1e1c4c4d41ba0f75434e814e68af6109b4c4e206987a3513115b376271fd3a63c3252cc65e4af2fc825d091ab9e22fa,/scratch/s5130867/cv-corpus-13.0-2023-03-09/fy-NL/clips/common_voice_fy-NL_24676146.mp3,"""Soenen wy in flesse wetter hawwe meie?""",2,0,sixties,female,,fy-NL,
ef93253e47a156a5d68772425165fcf2a1e1c4c4d41ba0f75434e814e68af6109b4c4e206987a3513115b376271fd3a63c3252cc65e4af2fc825d091ab9e22fa,/scratch/s5130867/cv-corpus-13.0-2023-03-09/fy-NL/clips/common_voice_fy-NL_24676147.mp3,"""Nei fjouwer jier waard de mûne wer bûten wurking steld.""",2,0,sixties,female,,fy-NL,
4c35896c2a26ed4224f8a7ba8ec637ca92f5e6318a09cba85d477a038f82319135b31b1cc5bca4e7fd9eaff75406ec4cf9e4cab8ac43bc702acaa20d9cc652da,/scratch/s5130867/cv-corpus-13.0-2023-03-09/fy-NL/clips/common_voice_fy-NL_21411927.mp3,"""It is net noflik om sa'n berchpas yn de mist te beklimmen.""",2,0,sixties,male,,fy-NL,
4c35896c2a26ed4224f8a7ba8ec637ca92f5e6318a09cba85d477a038f82319135b31b1cc5bca4e7fd9eaff75406ec4cf9e4cab8ac43bc702acaa20d9cc652da,/scratch/s5130867/cv-corpus-13.0-2023-03-09/fy-NL/clips/common_voice_fy-NL_21411928.mp3,"""Der is in oare kant oan it ekonomysk suksesferhaal.""",2,0,sixties,male,,fy-NL,
4c35896c2a26ed4224f8a7ba8ec637ca92f5e6318a09cba85d477a038f82319135b31b1cc5bca4e7fd9eaff75406ec4cf9e4cab8ac43bc702acaa20d9cc652da,/scratch/s5130867/cv-corpus-13.0-2023-03-09/fy-NL/clips/common_voice_fy-NL_21411930.mp3,"""Hy sette de stoel wer teplak en gong út 'e keamer.""",2,0,sixties,male,,fy-NL,
4c35896c2a26ed4224f8a7ba8ec637ca92f5e6318a09cba85d477a038f82319135b31b1cc5bca4e7fd9eaff75406ec4cf9e4cab8ac43bc702acaa20d9cc652da,/scratch/s5130867/cv-corpus-13.0-2023-03-09/fy-NL/clips/common_voice_fy-NL_21411932.mp3,"""Hja hawwe fan twa oere middeis oant kertier oer sânen jûns hurd wurke.""",2,0,sixties,male,,fy-NL,
4c35896c2a26ed4224f8a7ba8ec637ca92f5e6318a09cba85d477a038f82319135b31b1cc5bca4e7fd9eaff75406ec4cf9e4cab8ac43bc702acaa20d9cc652da,/scratch/s5130867/cv-corpus-13.0-2023-03-09/fy-NL/clips/common_voice_fy-NL_21411933.mp3,"""Der binne saterdei spegelkarpers útset yn it Fryske wetter.""",2,0,sixties,male,,fy-NL,
4c35896c2a26ed4224f8a7ba8ec637ca92f5e6318a09cba85d477a038f82319135b31b1cc5bca4e7fd9eaff75406ec4cf9e4cab8ac43bc702acaa20d9cc652da,/scratch/s5130867/cv-corpus-13.0-2023-03-09/fy-NL/clips/common_voice_fy-NL_21411939.mp3,"""Minsken mei dysleksy skriuwe wurden ferkeard of helje by it lêzen letters trochinoar.""",2,0,sixties,male,,fy-NL,
4c35896c2a26ed4224f8a7ba8ec637ca92f5e6318a09cba85d477a038f82319135b31b1cc5bca4e7fd9eaff75406ec4cf9e4cab8ac43bc702acaa20d9cc652da,/scratch/s5130867/cv-corpus-13.0-2023-03-09/fy-NL/clips/common_voice_fy-NL_21411942.mp3,"""Freed is offisjeel úteinset mei de grutte ûnderhâldsbeurt fan it natuergebiet.""",2,0,sixties,male,,fy-NL,
4c35896c2a26ed4224f8a7ba8ec637ca92f5e6318a09cba85d477a038f82319135b31b1cc5bca4e7fd9eaff75406ec4cf9e4cab8ac43bc702acaa20d9cc652da,/scratch/s5130867/cv-corpus-13.0-2023-03-09/fy-NL/clips/common_voice_fy-NL_21413776.mp3,"""Ja, wy hawwe de Skimmelrider sjoen.""",2,0,sixties,male,,fy-NL,
4c35896c2a26ed4224f8a7ba8ec637ca92f5e6318a09cba85d477a038f82319135b31b1cc5bca4e7fd9eaff75406ec4cf9e4cab8ac43bc702acaa20d9cc652da,/scratch/s5130867/cv-corpus-13.0-2023-03-09/fy-NL/clips/common_voice_fy-NL_21413781.mp3,"""O, gelokkich.""",2,0,sixties,male,,fy-NL,
4c35896c2a26ed4224f8a7ba8ec637ca92f5e6318a09cba85d477a038f82319135b31b1cc5bca4e7fd9eaff75406ec4cf9e4cab8ac43bc702acaa20d9cc652da,/scratch/s5130867/cv-corpus-13.0-2023-03-09/fy-NL/clips/common_voice_fy-NL_21413783.mp3,"""De fûle brân wie dagen efterinoar foarsidenijs.""",2,1,sixties,male,,fy-NL,
4c35896c2a26ed4224f8a7ba8ec637ca92f5e6318a09cba85d477a038f82319135b31b1cc5bca4e7fd9eaff75406ec4cf9e4cab8ac43bc702acaa20d9cc652da,/scratch/s5130867/cv-corpus-13.0-2023-03-09/fy-NL/clips/common_voice_fy-NL_21413785.mp3,"""By twa moarnsbesiten hawwe wy in tal gewoane lytse flearmûzen waarnommen.""",2,0,sixties,male,,fy-NL,
4c35896c2a26ed4224f8a7ba8ec637ca92f5e6318a09cba85d477a038f82319135b31b1cc5bca4e7fd9eaff75406ec4cf9e4cab8ac43bc702acaa20d9cc652da,/scratch/s5130867/cv-corpus-13.0-2023-03-09/fy-NL/clips/common_voice_fy-NL_21413790.mp3,"""Dat smoken moat ek mar ris in kear ophâlde.""",2,0,sixties,male,,fy-NL,
4c35896c2a26ed4224f8a7ba8ec637ca92f5e6318a09cba85d477a038f82319135b31b1cc5bca4e7fd9eaff75406ec4cf9e4cab8ac43bc702acaa20d9cc652da,/scratch/s5130867/cv-corpus-13.0-2023-03-09/fy-NL/clips/common_voice_fy-NL_21413791.mp3,"""Ut wat aai is hy bret?""",2,0,sixties,male,,fy-NL,
4c35896c2a26ed4224f8a7ba8ec637ca92f5e6318a09cba85d477a038f82319135b31b1cc5bca4e7fd9eaff75406ec4cf9e4cab8ac43bc702acaa20d9cc652da,/scratch/s5130867/cv-corpus-13.0-2023-03-09/fy-NL/clips/common_voice_fy-NL_21463027.mp3,"""Wy krije hjir in hiele protte bûtenlânske toeristen, dy keapje allegear Delftsk blau.""",2,0,sixties,male,,fy-NL,
4c35896c2a26ed4224f8a7ba8ec637ca92f5e6318a09cba85d477a038f82319135b31b1cc5bca4e7fd9eaff75406ec4cf9e4cab8ac43bc702acaa20d9cc652da,/scratch/s5130867/cv-corpus-13.0-2023-03-09/fy-NL/clips/common_voice_fy-NL_21463051.mp3,"""In wiete winter makket faak mear slachtoffers as in kâldenien.""",2,0,sixties,male,,fy-NL,
4c35896c2a26ed4224f8a7ba8ec637ca92f5e6318a09cba85d477a038f82319135b31b1cc5bca4e7fd9eaff75406ec4cf9e4cab8ac43bc702acaa20d9cc652da,/scratch/s5130867/cv-corpus-13.0-2023-03-09/fy-NL/clips/common_voice_fy-NL_21463052.mp3,"""Wat is dyn ynternetadres?""",2,0,sixties,male,,fy-NL,
4c35896c2a26ed4224f8a7ba8ec637ca92f5e6318a09cba85d477a038f82319135b31b1cc5bca4e7fd9eaff75406ec4cf9e4cab8ac43bc702acaa20d9cc652da,/scratch/s5130867/cv-corpus-13.0-2023-03-09/fy-NL/clips/common_voice_fy-NL_21463100.mp3,"""Wite wyn wurdt makke fan wite of fan blauwe druven.""",2,0,sixties,male,,fy-NL,
4c35896c2a26ed4224f8a7ba8ec637ca92f5e6318a09cba85d477a038f82319135b31b1cc5bca4e7fd9eaff75406ec4cf9e4cab8ac43bc702acaa20d9cc652da,/scratch/s5130867/cv-corpus-13.0-2023-03-09/fy-NL/clips/common_voice_fy-NL_21463102.mp3,"""Fan it iene komt it oare.""",2,0,sixties,male,,fy-NL,
4c35896c2a26ed4224f8a7ba8ec637ca92f5e6318a09cba85d477a038f82319135b31b1cc5bca4e7fd9eaff75406ec4cf9e4cab8ac43bc702acaa20d9cc652da,/scratch/s5130867/cv-corpus-13.0-2023-03-09/fy-NL/clips/common_voice_fy-NL_21463105.mp3,"""No sneintemoarn makket de bûnscoach syn seleksje bekend.""",2,0,sixties,male,,fy-NL,
38413bcd97566aa8a6d64e782490c94b4a6311b23bd115bc778cfa9f8609a0fd02422bc465ea7dea8aca7386bdb4d895c0b2a7dd9c4464d0727088609ea5bc8d,/scratch/s5130867/cv-corpus-13.0-2023-03-09/fy-NL/clips/common_voice_fy-NL_27012345.mp3,"""De ferhierder is der al ferskate kearen oer oanskreaun.""",2,0,sixties,male,,fy-NL,
38413bcd97566aa8a6d64e782490c94b4a6311b23bd115bc778cfa9f8609a0fd02422bc465ea7dea8aca7386bdb4d895c0b2a7dd9c4464d0727088609ea5bc8d,/scratch/s5130867/cv-corpus-13.0-2023-03-09/fy-NL/clips/common_voice_fy-NL_27012347.mp3,"""It oandiel fan it bedriuwslibben yn it ynsammeljen fan húshâldlik ôffal nimt hieltyd ta.""",2,0,sixties,male,,fy-NL,
38413bcd97566aa8a6d64e782490c94b4a6311b23bd115bc778cfa9f8609a0fd02422bc465ea7dea8aca7386bdb4d895c0b2a7dd9c4464d0727088609ea5bc8d,/scratch/s5130867/cv-corpus-13.0-2023-03-09/fy-NL/clips/common_voice_fy-NL_27012378.mp3,"""Der waarden hege wearden dioksine yn de aaien oantroffen.""",2,0,sixties,male,,fy-NL,
38413bcd97566aa8a6d64e782490c94b4a6311b23bd115bc778cfa9f8609a0fd02422bc465ea7dea8aca7386bdb4d895c0b2a7dd9c4464d0727088609ea5bc8d,/scratch/s5130867/cv-corpus-13.0-2023-03-09/fy-NL/clips/common_voice_fy-NL_27012379.mp3,"""Sa'n bytsje ite hâldst net lang fol.""",2,0,sixties,male,,fy-NL,
38413bcd97566aa8a6d64e782490c94b4a6311b23bd115bc778cfa9f8609a0fd02422bc465ea7dea8aca7386bdb4d895c0b2a7dd9c4464d0727088609ea5bc8d,/scratch/s5130867/cv-corpus-13.0-2023-03-09/fy-NL/clips/common_voice_fy-NL_27012394.mp3,"""Chantal komt altyd sûnder Koos want wy hawwe wurden mei him hân.""",2,0,sixties,male,,fy-NL,
38413bcd97566aa8a6d64e782490c94b4a6311b23bd115bc778cfa9f8609a0fd02422bc465ea7dea8aca7386bdb4d895c0b2a7dd9c4464d0727088609ea5bc8d,/scratch/s5130867/cv-corpus-13.0-2023-03-09/fy-NL/clips/common_voice_fy-NL_27012396.mp3,"""It is de muoite fan it neamen wurdich dat der in nije skoalle komt.""",2,1,sixties,male,,fy-NL,
38413bcd97566aa8a6d64e782490c94b4a6311b23bd115bc778cfa9f8609a0fd02422bc465ea7dea8aca7386bdb4d895c0b2a7dd9c4464d0727088609ea5bc8d,/scratch/s5130867/cv-corpus-13.0-2023-03-09/fy-NL/clips/common_voice_fy-NL_27012424.mp3,"""De brânwacht ropt minsken op nei hús te gean.""",2,0,sixties,male,,fy-NL,
38413bcd97566aa8a6d64e782490c94b4a6311b23bd115bc778cfa9f8609a0fd02422bc465ea7dea8aca7386bdb4d895c0b2a7dd9c4464d0727088609ea5bc8d,/scratch/s5130867/cv-corpus-13.0-2023-03-09/fy-NL/clips/common_voice_fy-NL_27012425.mp3,"""Op ferskate plakken yn Europa wiene woansdeitejûn spontane demonstraasjes.""",2,0,sixties,male,,fy-NL,
38413bcd97566aa8a6d64e782490c94b4a6311b23bd115bc778cfa9f8609a0fd02422bc465ea7dea8aca7386bdb4d895c0b2a7dd9c4464d0727088609ea5bc8d,/scratch/s5130867/cv-corpus-13.0-2023-03-09/fy-NL/clips/common_voice_fy-NL_27012426.mp3,"""Wite Tongersdei is de dei dat de tsjerke it Lêste Nachtmiel fiert.""",2,0,sixties,male,,fy-NL,
38413bcd97566aa8a6d64e782490c94b4a6311b23bd115bc778cfa9f8609a0fd02422bc465ea7dea8aca7386bdb4d895c0b2a7dd9c4464d0727088609ea5bc8d,/scratch/s5130867/cv-corpus-13.0-2023-03-09/fy-NL/clips/common_voice_fy-NL_27012455.mp3,"""De bewenners fan it hús litte no foar it earst fan har hearre.""",2,0,sixties,male,,fy-NL,
38413bcd97566aa8a6d64e782490c94b4a6311b23bd115bc778cfa9f8609a0fd02422bc465ea7dea8aca7386bdb4d895c0b2a7dd9c4464d0727088609ea5bc8d,/scratch/s5130867/cv-corpus-13.0-2023-03-09/fy-NL/clips/common_voice_fy-NL_27012460.mp3,"""Syn heit hie in skipswerfke yn Drylts en dêr boude er noch houten skûtsjes.""",2,0,sixties,male,,fy-NL,
38413bcd97566aa8a6d64e782490c94b4a6311b23bd115bc778cfa9f8609a0fd02422bc465ea7dea8aca7386bdb4d895c0b2a7dd9c4464d0727088609ea5bc8d,/scratch/s5130867/cv-corpus-13.0-2023-03-09/fy-NL/clips/common_voice_fy-NL_28351436.mp3,"""Ik bin bliid dat de oannimmer mei dizze oplossing oansetten kaam.""",2,0,sixties,male,,fy-NL,
38413bcd97566aa8a6d64e782490c94b4a6311b23bd115bc778cfa9f8609a0fd02422bc465ea7dea8aca7386bdb4d895c0b2a7dd9c4464d0727088609ea5bc8d,/scratch/s5130867/cv-corpus-13.0-2023-03-09/fy-NL/clips/common_voice_fy-NL_28351456.mp3,"""Hjir is dúdlik sprake fan in ûnhâldbere situaasje.""",2,0,sixties,male,,fy-NL,
5e56b59f1376ad0935eb0858eaad55ca7a68e17ae8de836a4d5878f37a09d0509d6586a4c584dcaabb50c6d2bdc117cbec8aba91ac1c8046bf532042862154fb,/scratch/s5130867/cv-corpus-13.0-2023-03-09/fy-NL/clips/common_voice_fy-NL_36065681.mp3,"""Der keamer koe tsjinje as pronkkeamer, skriuwkeamer of as bêste sliepkeamer.""",3,0,sixties,female,,fy-NL,
5e56b59f1376ad0935eb0858eaad55ca7a68e17ae8de836a4d5878f37a09d0509d6586a4c584dcaabb50c6d2bdc117cbec8aba91ac1c8046bf532042862154fb,/scratch/s5130867/cv-corpus-13.0-2023-03-09/fy-NL/clips/common_voice_fy-NL_36065829.mp3,"""In goed ûnderholden en lekfrij dak komt in soad lijen tefoaren.""",2,0,sixties,female,,fy-NL,
5e56b59f1376ad0935eb0858eaad55ca7a68e17ae8de836a4d5878f37a09d0509d6586a4c584dcaabb50c6d2bdc117cbec8aba91ac1c8046bf532042862154fb,/scratch/s5130867/cv-corpus-13.0-2023-03-09/fy-NL/clips/common_voice_fy-NL_36065925.mp3,"""Undertiteling út.""",2,0,sixties,female,,fy-NL,
5e56b59f1376ad0935eb0858eaad55ca7a68e17ae8de836a4d5878f37a09d0509d6586a4c584dcaabb50c6d2bdc117cbec8aba91ac1c8046bf532042862154fb,/scratch/s5130867/cv-corpus-13.0-2023-03-09/fy-NL/clips/common_voice_fy-NL_36065986.mp3,"""Dat is spitich genôch net it gefal.""",2,0,sixties,female,,fy-NL,
5e56b59f1376ad0935eb0858eaad55ca7a68e17ae8de836a4d5878f37a09d0509d6586a4c584dcaabb50c6d2bdc117cbec8aba91ac1c8046bf532042862154fb,/scratch/s5130867/cv-corpus-13.0-2023-03-09/fy-NL/clips/common_voice_fy-NL_36066652.mp3,"""It ljocht die sear oan myn eagen.""",2,0,sixties,female,,fy-NL,
5e56b59f1376ad0935eb0858eaad55ca7a68e17ae8de836a4d5878f37a09d0509d6586a4c584dcaabb50c6d2bdc117cbec8aba91ac1c8046bf532042862154fb,/scratch/s5130867/cv-corpus-13.0-2023-03-09/fy-NL/clips/common_voice_fy-NL_36185581.mp3,"""Foarsten fan iuwen her lieten har leave dieren plechtich beïerdigje.""",2,0,sixties,female,,fy-NL,
5e56b59f1376ad0935eb0858eaad55ca7a68e17ae8de836a4d5878f37a09d0509d6586a4c584dcaabb50c6d2bdc117cbec8aba91ac1c8046bf532042862154fb,/scratch/s5130867/cv-corpus-13.0-2023-03-09/fy-NL/clips/common_voice_fy-NL_36185780.mp3,"""Wat bisto fan miening?""",2,1,sixties,female,,fy-NL,
5e56b59f1376ad0935eb0858eaad55ca7a68e17ae8de836a4d5878f37a09d0509d6586a4c584dcaabb50c6d2bdc117cbec8aba91ac1c8046bf532042862154fb,/scratch/s5130867/cv-corpus-13.0-2023-03-09/fy-NL/clips/common_voice_fy-NL_36529792.mp3,"""Ik wie in soad bûten en ik wie al flink brún wurden.""",2,0,sixties,female,,fy-NL,
5e56b59f1376ad0935eb0858eaad55ca7a68e17ae8de836a4d5878f37a09d0509d6586a4c584dcaabb50c6d2bdc117cbec8aba91ac1c8046bf532042862154fb,/scratch/s5130867/cv-corpus-13.0-2023-03-09/fy-NL/clips/common_voice_fy-NL_36536059.mp3,"""Jo sille mar in frou en bern út in sinkende auto rêde.""",2,0,sixties,female,,fy-NL,
5e56b59f1376ad0935eb0858eaad55ca7a68e17ae8de836a4d5878f37a09d0509d6586a4c584dcaabb50c6d2bdc117cbec8aba91ac1c8046bf532042862154fb,/scratch/s5130867/cv-corpus-13.0-2023-03-09/fy-NL/clips/common_voice_fy-NL_36537416.mp3,"""Wy mailden sakrekt nei in freondin.""",2,0,sixties,female,,fy-NL,
ee68045b37f4b8257db4f46ef325f45c185edbc7077618cca21856f5c954012a46370f94276885bf5c0167fd2c45b0b14d4d2775c0dc7b6d13d96046f8688618,/scratch/s5130867/cv-corpus-13.0-2023-03-09/fy-NL/clips/common_voice_fy-NL_21413374.mp3,"""Sy wie as keunstner frij ûnbekend, mar ferline jier waard dat oars.""",2,0,sixties,male,,fy-NL,
ee68045b37f4b8257db4f46ef325f45c185edbc7077618cca21856f5c954012a46370f94276885bf5c0167fd2c45b0b14d4d2775c0dc7b6d13d96046f8688618,/scratch/s5130867/cv-corpus-13.0-2023-03-09/fy-NL/clips/common_voice_fy-NL_21413375.mp3,"""Tiisdeitemoarn sil de tydlike fytsbrêge net yn gebrûk wêze.""",2,0,sixties,male,,fy-NL,
ee68045b37f4b8257db4f46ef325f45c185edbc7077618cca21856f5c954012a46370f94276885bf5c0167fd2c45b0b14d4d2775c0dc7b6d13d96046f8688618,/scratch/s5130867/cv-corpus-13.0-2023-03-09/fy-NL/clips/common_voice_fy-NL_21413376.mp3,"""Nei in oerke winkels sjen gongen myn freondinne en ik lekker oan 'e kofje.""",2,0,sixties,male,,fy-NL,
ee68045b37f4b8257db4f46ef325f45c185edbc7077618cca21856f5c954012a46370f94276885bf5c0167fd2c45b0b14d4d2775c0dc7b6d13d96046f8688618,/scratch/s5130867/cv-corpus-13.0-2023-03-09/fy-NL/clips/common_voice_fy-NL_21413414.mp3,"""De bêste klok is wolris fan 'e slach.""",2,0,sixties,male,,fy-NL,
ee68045b37f4b8257db4f46ef325f45c185edbc7077618cca21856f5c954012a46370f94276885bf5c0167fd2c45b0b14d4d2775c0dc7b6d13d96046f8688618,/scratch/s5130867/cv-corpus-13.0-2023-03-09/fy-NL/clips/common_voice_fy-NL_21413416.mp3,"""De bestjoerder is mei ûnbekende ferwûnings nei it sikehûs brocht.""",2,0,sixties,male,,fy-NL,
ee68045b37f4b8257db4f46ef325f45c185edbc7077618cca21856f5c954012a46370f94276885bf5c0167fd2c45b0b14d4d2775c0dc7b6d13d96046f8688618,/scratch/s5130867/cv-corpus-13.0-2023-03-09/fy-NL/clips/common_voice_fy-NL_21413469.mp3,"""No bin ik rintenier.""",2,0,sixties,male,,fy-NL,
ee68045b37f4b8257db4f46ef325f45c185edbc7077618cca21856f5c954012a46370f94276885bf5c0167fd2c45b0b14d4d2775c0dc7b6d13d96046f8688618,/scratch/s5130867/cv-corpus-13.0-2023-03-09/fy-NL/clips/common_voice_fy-NL_21413470.mp3,"""Op de campings binne de sanitêre foarsjenningen yn de measte gefallen ûnfoldwaande.""",2,0,sixties,male,,fy-NL,
ee68045b37f4b8257db4f46ef325f45c185edbc7077618cca21856f5c954012a46370f94276885bf5c0167fd2c45b0b14d4d2775c0dc7b6d13d96046f8688618,/scratch/s5130867/cv-corpus-13.0-2023-03-09/fy-NL/clips/common_voice_fy-NL_21413486.mp3,"""Hoe let ite wy jûn waarm?""",2,0,sixties,male,,fy-NL,
ee68045b37f4b8257db4f46ef325f45c185edbc7077618cca21856f5c954012a46370f94276885bf5c0167fd2c45b0b14d4d2775c0dc7b6d13d96046f8688618,/scratch/s5130867/cv-corpus-13.0-2023-03-09/fy-NL/clips/common_voice_fy-NL_21413487.mp3,"""It echte frij wêzen, dat begjint by de stilte.""",2,1,sixties,male,,fy-NL,
ee68045b37f4b8257db4f46ef325f45c185edbc7077618cca21856f5c954012a46370f94276885bf5c0167fd2c45b0b14d4d2775c0dc7b6d13d96046f8688618,/scratch/s5130867/cv-corpus-13.0-2023-03-09/fy-NL/clips/common_voice_fy-NL_21413500.mp3,"""Ik koe om ien of oare reden myn gedachten net by de fraach hâlde.""",2,0,sixties,male,,fy-NL,
ee68045b37f4b8257db4f46ef325f45c185edbc7077618cca21856f5c954012a46370f94276885bf5c0167fd2c45b0b14d4d2775c0dc7b6d13d96046f8688618,/scratch/s5130867/cv-corpus-13.0-2023-03-09/fy-NL/clips/common_voice_fy-NL_21413502.mp3,"""Hagedissen dy't yn beammen libje, binne grien fan kleur.""",2,0,sixties,male,,fy-NL,
ee68045b37f4b8257db4f46ef325f45c185edbc7077618cca21856f5c954012a46370f94276885bf5c0167fd2c45b0b14d4d2775c0dc7b6d13d96046f8688618,/scratch/s5130867/cv-corpus-13.0-2023-03-09/fy-NL/clips/common_voice_fy-NL_21413503.mp3,"""De measte oppakte demonstranten binne saterdeitejûn wer frijlitten.""",2,1,sixties,male,,fy-NL,
ee68045b37f4b8257db4f46ef325f45c185edbc7077618cca21856f5c954012a46370f94276885bf5c0167fd2c45b0b14d4d2775c0dc7b6d13d96046f8688618,/scratch/s5130867/cv-corpus-13.0-2023-03-09/fy-NL/clips/common_voice_fy-NL_21413525.mp3,"""Nei in jier konkludearje de trije partijen dat de doelstellingen net helle binne.""",2,0,sixties,male,,fy-NL,
ee68045b37f4b8257db4f46ef325f45c185edbc7077618cca21856f5c954012a46370f94276885bf5c0167fd2c45b0b14d4d2775c0dc7b6d13d96046f8688618,/scratch/s5130867/cv-corpus-13.0-2023-03-09/fy-NL/clips/common_voice_fy-NL_21413528.mp3,"""De begrutting moat op syn lêst moarn goedkard wêze.""",2,0,sixties,male,,fy-NL,
ee68045b37f4b8257db4f46ef325f45c185edbc7077618cca21856f5c954012a46370f94276885bf5c0167fd2c45b0b14d4d2775c0dc7b6d13d96046f8688618,/scratch/s5130867/cv-corpus-13.0-2023-03-09/fy-NL/clips/common_voice_fy-NL_21413552.mp3,"""It is in grut sûchdier.""",2,0,sixties,male,,fy-NL,
ee68045b37f4b8257db4f46ef325f45c185edbc7077618cca21856f5c954012a46370f94276885bf5c0167fd2c45b0b14d4d2775c0dc7b6d13d96046f8688618,/scratch/s5130867/cv-corpus-13.0-2023-03-09/fy-NL/clips/common_voice_fy-NL_21413554.mp3,"""We wurde begelaat troch in frachtauto.""",2,0,sixties,male,,fy-NL,
ee68045b37f4b8257db4f46ef325f45c185edbc7077618cca21856f5c954012a46370f94276885bf5c0167fd2c45b0b14d4d2775c0dc7b6d13d96046f8688618,/scratch/s5130867/cv-corpus-13.0-2023-03-09/fy-NL/clips/common_voice_fy-NL_21413555.mp3,"""Oeral dêr't de brannettel groeit kinst ek de giele of pearse dôvenettel tsjinkomme.""",2,0,sixties,male,,fy-NL,
ee68045b37f4b8257db4f46ef325f45c185edbc7077618cca21856f5c954012a46370f94276885bf5c0167fd2c45b0b14d4d2775c0dc7b6d13d96046f8688618,/scratch/s5130867/cv-corpus-13.0-2023-03-09/fy-NL/clips/common_voice_fy-NL_21413557.mp3,"""Dat hingje ik net oan 'e grutte klok.""",2,0,sixties,male,,fy-NL,
ee68045b37f4b8257db4f46ef325f45c185edbc7077618cca21856f5c954012a46370f94276885bf5c0167fd2c45b0b14d4d2775c0dc7b6d13d96046f8688618,/scratch/s5130867/cv-corpus-13.0-2023-03-09/fy-NL/clips/common_voice_fy-NL_21413570.mp3,"""Dêr hoechsto dy net drok oer te meitsjen.""",2,0,sixties,male,,fy-NL,
ee68045b37f4b8257db4f46ef325f45c185edbc7077618cca21856f5c954012a46370f94276885bf5c0167fd2c45b0b14d4d2775c0dc7b6d13d96046f8688618,/scratch/s5130867/cv-corpus-13.0-2023-03-09/fy-NL/clips/common_voice_fy-NL_21413571.mp3,"""Noch yn 'e fyftiger jierren kaam de molkekarre by de doar lâns.""",2,0,sixties,male,,fy-NL,
ee68045b37f4b8257db4f46ef325f45c185edbc7077618cca21856f5c954012a46370f94276885bf5c0167fd2c45b0b14d4d2775c0dc7b6d13d96046f8688618,/scratch/s5130867/cv-corpus-13.0-2023-03-09/fy-NL/clips/common_voice_fy-NL_21413575.mp3,"""Stel ôfdrukgebiet yn op folgjende fjirtjin.""",2,0,sixties,male,,fy-NL,
ee68045b37f4b8257db4f46ef325f45c185edbc7077618cca21856f5c954012a46370f94276885bf5c0167fd2c45b0b14d4d2775c0dc7b6d13d96046f8688618,/scratch/s5130867/cv-corpus-13.0-2023-03-09/fy-NL/clips/common_voice_fy-NL_21413594.mp3,"""In profeet wurdt yn eigen lân net achtenearre.""",2,0,sixties,male,,fy-NL,
ee68045b37f4b8257db4f46ef325f45c185edbc7077618cca21856f5c954012a46370f94276885bf5c0167fd2c45b0b14d4d2775c0dc7b6d13d96046f8688618,/scratch/s5130867/cv-corpus-13.0-2023-03-09/fy-NL/clips/common_voice_fy-NL_21413596.mp3,"""Guon âlden hawwe moandeitemiddei heel goed holpen mei it fersieren fan de skoalle.""",2,0,sixties,male,,fy-NL,
6cfbd43181f4de54a9375d094bb74b710d72c529501f8f6583d69643d7129d320aa6fac516063d9a20425a83fcad8d68bcbe923a8296082c0022844ea3652168,/scratch/s5130867/cv-corpus-13.0-2023-03-09/fy-NL/clips/common_voice_fy-NL_21466362.mp3,"""Freedtejûn foar in wike hie ik dat besletten, moandei wie it rûn.""",2,0,sixties,female,,fy-NL,
6cfbd43181f4de54a9375d094bb74b710d72c529501f8f6583d69643d7129d320aa6fac516063d9a20425a83fcad8d68bcbe923a8296082c0022844ea3652168,/scratch/s5130867/cv-corpus-13.0-2023-03-09/fy-NL/clips/common_voice_fy-NL_21466472.mp3,"""No moandei soe wolris yn it teken fan in grutte waarsomslach stean kinne.""",2,0,sixties,female,,fy-NL,
6cfbd43181f4de54a9375d094bb74b710d72c529501f8f6583d69643d7129d320aa6fac516063d9a20425a83fcad8d68bcbe923a8296082c0022844ea3652168,/scratch/s5130867/cv-corpus-13.0-2023-03-09/fy-NL/clips/common_voice_fy-NL_21485508.mp3,"""Ik soe it moai fine om tegearre in wykein fuort te gean.""",2,0,sixties,female,,fy-NL,
6cfbd43181f4de54a9375d094bb74b710d72c529501f8f6583d69643d7129d320aa6fac516063d9a20425a83fcad8d68bcbe923a8296082c0022844ea3652168,/scratch/s5130867/cv-corpus-13.0-2023-03-09/fy-NL/clips/common_voice_fy-NL_21485540.mp3,"""De fotograaf dokumintearret de ynterieurs fan Sjineeske restaurants mei de akwaria dêryn.""",2,1,sixties,female,,fy-NL,
6cfbd43181f4de54a9375d094bb74b710d72c529501f8f6583d69643d7129d320aa6fac516063d9a20425a83fcad8d68bcbe923a8296082c0022844ea3652168,/scratch/s5130867/cv-corpus-13.0-2023-03-09/fy-NL/clips/common_voice_fy-NL_21516092.mp3,"""Ik moast de fyts noch even gau achter yn de auto goaie.""",2,0,sixties,female,,fy-NL,
6cfbd43181f4de54a9375d094bb74b710d72c529501f8f6583d69643d7129d320aa6fac516063d9a20425a83fcad8d68bcbe923a8296082c0022844ea3652168,/scratch/s5130867/cv-corpus-13.0-2023-03-09/fy-NL/clips/common_voice_fy-NL_21516109.mp3,"""By it fallen fan 'e nacht setten se har tinten op.""",2,1,sixties,female,,fy-NL,
6cfbd43181f4de54a9375d094bb74b710d72c529501f8f6583d69643d7129d320aa6fac516063d9a20425a83fcad8d68bcbe923a8296082c0022844ea3652168,/scratch/s5130867/cv-corpus-13.0-2023-03-09/fy-NL/clips/common_voice_fy-NL_21516112.mp3,"""It is de bedoeling dat je se beide yn ien kear goed riede.""",2,1,sixties,female,,fy-NL,
6cfbd43181f4de54a9375d094bb74b710d72c529501f8f6583d69643d7129d320aa6fac516063d9a20425a83fcad8d68bcbe923a8296082c0022844ea3652168,/scratch/s5130867/cv-corpus-13.0-2023-03-09/fy-NL/clips/common_voice_fy-NL_21516125.mp3,"""We freegje ús wol ôf hoe't men dat berikke wol.""",2,1,sixties,female,,fy-NL,
6cfbd43181f4de54a9375d094bb74b710d72c529501f8f6583d69643d7129d320aa6fac516063d9a20425a83fcad8d68bcbe923a8296082c0022844ea3652168,/scratch/s5130867/cv-corpus-13.0-2023-03-09/fy-NL/clips/common_voice_fy-NL_21516133.mp3,"""Wienen wy net thús?""",2,0,sixties,female,,fy-NL,
6cfbd43181f4de54a9375d094bb74b710d72c529501f8f6583d69643d7129d320aa6fac516063d9a20425a83fcad8d68bcbe923a8296082c0022844ea3652168,/scratch/s5130867/cv-corpus-13.0-2023-03-09/fy-NL/clips/common_voice_fy-NL_21516134.mp3,"""Hy freget nei de bekende wei.""",2,0,sixties,female,,fy-NL,
6cfbd43181f4de54a9375d094bb74b710d72c529501f8f6583d69643d7129d320aa6fac516063d9a20425a83fcad8d68bcbe923a8296082c0022844ea3652168,/scratch/s5130867/cv-corpus-13.0-2023-03-09/fy-NL/clips/common_voice_fy-NL_21516135.mp3,"""Grutte Pier begûn syn striid nei't syn pleats yn 'e brân stutsen waard.""",2,0,sixties,female,,fy-NL,
6cfbd43181f4de54a9375d094bb74b710d72c529501f8f6583d69643d7129d320aa6fac516063d9a20425a83fcad8d68bcbe923a8296082c0022844ea3652168,/scratch/s5130867/cv-corpus-13.0-2023-03-09/fy-NL/clips/common_voice_fy-NL_21516136.mp3,"""Besjoch dit produkt en ús oare spesjale oanbiedingen!""",2,1,sixties,female,,fy-NL,
6cfbd43181f4de54a9375d094bb74b710d72c529501f8f6583d69643d7129d320aa6fac516063d9a20425a83fcad8d68bcbe923a8296082c0022844ea3652168,/scratch/s5130867/cv-corpus-13.0-2023-03-09/fy-NL/clips/common_voice_fy-NL_21516137.mp3,"""Hy laket de wite tosken bleat.""",2,0,sixties,female,,fy-NL,
6cfbd43181f4de54a9375d094bb74b710d72c529501f8f6583d69643d7129d320aa6fac516063d9a20425a83fcad8d68bcbe923a8296082c0022844ea3652168,/scratch/s5130867/cv-corpus-13.0-2023-03-09/fy-NL/clips/common_voice_fy-NL_21516148.mp3,"""It programma bestiet út twa parten: moarns in ekskurzje en middeis in seminar.""",2,0,sixties,female,,fy-NL,
6cfbd43181f4de54a9375d094bb74b710d72c529501f8f6583d69643d7129d320aa6fac516063d9a20425a83fcad8d68bcbe923a8296082c0022844ea3652168,/scratch/s5130867/cv-corpus-13.0-2023-03-09/fy-NL/clips/common_voice_fy-NL_21516150.mp3,"""Dy dei is de sinne om kertier oer fiven opkommen.""",2,0,sixties,female,,fy-NL,
6cfbd43181f4de54a9375d094bb74b710d72c529501f8f6583d69643d7129d320aa6fac516063d9a20425a83fcad8d68bcbe923a8296082c0022844ea3652168,/scratch/s5130867/cv-corpus-13.0-2023-03-09/fy-NL/clips/common_voice_fy-NL_21516152.mp3,"""De oare deis geane wy nei myn skoansuske Rosa.""",2,0,sixties,female,,fy-NL,
6cfbd43181f4de54a9375d094bb74b710d72c529501f8f6583d69643d7129d320aa6fac516063d9a20425a83fcad8d68bcbe923a8296082c0022844ea3652168,/scratch/s5130867/cv-corpus-13.0-2023-03-09/fy-NL/clips/common_voice_fy-NL_21516158.mp3,"""In alderivichst moai famke ried yn 'e fallende jûn nei hûs.""",2,1,sixties,female,,fy-NL,
6cfbd43181f4de54a9375d094bb74b710d72c529501f8f6583d69643d7129d320aa6fac516063d9a20425a83fcad8d68bcbe923a8296082c0022844ea3652168,/scratch/s5130867/cv-corpus-13.0-2023-03-09/fy-NL/clips/common_voice_fy-NL_21516159.mp3,"""It skûtsjesilen lûkt altyd gâns folk.""",2,1,sixties,female,,fy-NL,
6cfbd43181f4de54a9375d094bb74b710d72c529501f8f6583d69643d7129d320aa6fac516063d9a20425a83fcad8d68bcbe923a8296082c0022844ea3652168,/scratch/s5130867/cv-corpus-13.0-2023-03-09/fy-NL/clips/common_voice_fy-NL_21516161.mp3,"""De sykte fan Weil wurdt feroarsake troch kontakt mei smoarch wetter.""",2,0,sixties,female,,fy-NL,
6cfbd43181f4de54a9375d094bb74b710d72c529501f8f6583d69643d7129d320aa6fac516063d9a20425a83fcad8d68bcbe923a8296082c0022844ea3652168,/scratch/s5130867/cv-corpus-13.0-2023-03-09/fy-NL/clips/common_voice_fy-NL_21516170.mp3,"""Iepenje Myn muzyk.""",2,0,sixties,female,,fy-NL,
6cfbd43181f4de54a9375d094bb74b710d72c529501f8f6583d69643d7129d320aa6fac516063d9a20425a83fcad8d68bcbe923a8296082c0022844ea3652168,/scratch/s5130867/cv-corpus-13.0-2023-03-09/fy-NL/clips/common_voice_fy-NL_21516172.mp3,"""It fljocht my oan.""",2,0,sixties,female,,fy-NL,
d8fc79f04c419cdae1f80b0496c9eb7ea433de780815ca7547ce4c6c3f2f0edc9113147e767daef3c66f7da2207aa140b8a07add6bd25340dcdb5ed9cb95c59a,/scratch/s5130867/cv-corpus-13.0-2023-03-09/fy-NL/clips/common_voice_fy-NL_28447348.mp3,"""No, dat hawwe jo net mear nedich.""",2,0,sixties,female,,fy-NL,
d8fc79f04c419cdae1f80b0496c9eb7ea433de780815ca7547ce4c6c3f2f0edc9113147e767daef3c66f7da2207aa140b8a07add6bd25340dcdb5ed9cb95c59a,/scratch/s5130867/cv-corpus-13.0-2023-03-09/fy-NL/clips/common_voice_fy-NL_28447399.mp3,"""Tocht se dat se net lang mear libje soe?""",2,0,sixties,female,,fy-NL,
d8fc79f04c419cdae1f80b0496c9eb7ea433de780815ca7547ce4c6c3f2f0edc9113147e767daef3c66f7da2207aa140b8a07add6bd25340dcdb5ed9cb95c59a,/scratch/s5130867/cv-corpus-13.0-2023-03-09/fy-NL/clips/common_voice_fy-NL_28447431.mp3,"""Skoaldokters en learkrêften leare hoe't se hannelje moatte at se bernemishanneling tsjinkomme.""",2,0,sixties,female,,fy-NL,
d8fc79f04c419cdae1f80b0496c9eb7ea433de780815ca7547ce4c6c3f2f0edc9113147e767daef3c66f7da2207aa140b8a07add6bd25340dcdb5ed9cb95c59a,/scratch/s5130867/cv-corpus-13.0-2023-03-09/fy-NL/clips/common_voice_fy-NL_28447455.mp3,"""Sy moast behannele wurde troch ambulânsepersoniel.""",3,0,sixties,female,,fy-NL,
d8fc79f04c419cdae1f80b0496c9eb7ea433de780815ca7547ce4c6c3f2f0edc9113147e767daef3c66f7da2207aa140b8a07add6bd25340dcdb5ed9cb95c59a,/scratch/s5130867/cv-corpus-13.0-2023-03-09/fy-NL/clips/common_voice_fy-NL_28447467.mp3,"""Foar dy foarstellingen wie der in libbene swarte handel yn kaartsjes.""",2,0,sixties,female,,fy-NL,
d8fc79f04c419cdae1f80b0496c9eb7ea433de780815ca7547ce4c6c3f2f0edc9113147e767daef3c66f7da2207aa140b8a07add6bd25340dcdb5ed9cb95c59a,/scratch/s5130867/cv-corpus-13.0-2023-03-09/fy-NL/clips/common_voice_fy-NL_28447795.mp3,"""De bank is aktyf yn it finansierjen fan duorsum belizzingsfêstguod.""",2,0,sixties,female,,fy-NL,
d8fc79f04c419cdae1f80b0496c9eb7ea433de780815ca7547ce4c6c3f2f0edc9113147e767daef3c66f7da2207aa140b8a07add6bd25340dcdb5ed9cb95c59a,/scratch/s5130867/cv-corpus-13.0-2023-03-09/fy-NL/clips/common_voice_fy-NL_28448834.mp3,"""Elkenien op dy ekspedysje wist hiel goed dat men jin op glêd iis bejoech.""",2,0,sixties,female,,fy-NL,
d8fc79f04c419cdae1f80b0496c9eb7ea433de780815ca7547ce4c6c3f2f0edc9113147e767daef3c66f7da2207aa140b8a07add6bd25340dcdb5ed9cb95c59a,/scratch/s5130867/cv-corpus-13.0-2023-03-09/fy-NL/clips/common_voice_fy-NL_28449017.mp3,"""Foegje besite oan 'e katakomben ta oan myn notysje Parys.""",2,0,sixties,female,,fy-NL,
d8fc79f04c419cdae1f80b0496c9eb7ea433de780815ca7547ce4c6c3f2f0edc9113147e767daef3c66f7da2207aa140b8a07add6bd25340dcdb5ed9cb95c59a,/scratch/s5130867/cv-corpus-13.0-2023-03-09/fy-NL/clips/common_voice_fy-NL_28449114.mp3,"""Wat bart der as it tiidrek fan fiif jier foarby is?""",2,0,sixties,female,,fy-NL,
d8fc79f04c419cdae1f80b0496c9eb7ea433de780815ca7547ce4c6c3f2f0edc9113147e767daef3c66f7da2207aa140b8a07add6bd25340dcdb5ed9cb95c59a,/scratch/s5130867/cv-corpus-13.0-2023-03-09/fy-NL/clips/common_voice_fy-NL_28449152.mp3,"""De sosjale tsjinst hat in noarmbedrach fêststeld.""",2,0,sixties,female,,fy-NL,
e011f470502431004de3b34245a1a85a97413ea805b12cce9ddfff98038bef1a56cd0a4d2ebb93e9b8c51bf33ec5f75dd687669b422c2bbe2ff7de0844effb9c,/scratch/s5130867/cv-corpus-13.0-2023-03-09/fy-NL/clips/common_voice_fy-NL_28341107.mp3,"""Wat de natoer oangiet, is it in grutte ferearming.""",2,0,seventies,male,,fy-NL,
e011f470502431004de3b34245a1a85a97413ea805b12cce9ddfff98038bef1a56cd0a4d2ebb93e9b8c51bf33ec5f75dd687669b422c2bbe2ff7de0844effb9c,/scratch/s5130867/cv-corpus-13.0-2023-03-09/fy-NL/clips/common_voice_fy-NL_28341149.mp3,"""Troch de fûle skuorwinen foel de beam op it dak fan 'e pleats.""",2,0,seventies,male,,fy-NL,
e011f470502431004de3b34245a1a85a97413ea805b12cce9ddfff98038bef1a56cd0a4d2ebb93e9b8c51bf33ec5f75dd687669b422c2bbe2ff7de0844effb9c,/scratch/s5130867/cv-corpus-13.0-2023-03-09/fy-NL/clips/common_voice_fy-NL_28341176.mp3,"""It die bliken dat dat administrative wurk neat foar my wie.""",2,0,seventies,male,,fy-NL,
e011f470502431004de3b34245a1a85a97413ea805b12cce9ddfff98038bef1a56cd0a4d2ebb93e9b8c51bf33ec5f75dd687669b422c2bbe2ff7de0844effb9c,/scratch/s5130867/cv-corpus-13.0-2023-03-09/fy-NL/clips/common_voice_fy-NL_28341229.mp3,"""Belje Sandra de Boer thús.""",2,0,seventies,male,,fy-NL,
e011f470502431004de3b34245a1a85a97413ea805b12cce9ddfff98038bef1a56cd0a4d2ebb93e9b8c51bf33ec5f75dd687669b422c2bbe2ff7de0844effb9c,/scratch/s5130867/cv-corpus-13.0-2023-03-09/fy-NL/clips/common_voice_fy-NL_28341389.mp3,"""Nee, it is fuortby.""",2,0,seventies,male,,fy-NL,
e011f470502431004de3b34245a1a85a97413ea805b12cce9ddfff98038bef1a56cd0a4d2ebb93e9b8c51bf33ec5f75dd687669b422c2bbe2ff7de0844effb9c,/scratch/s5130867/cv-corpus-13.0-2023-03-09/fy-NL/clips/common_voice_fy-NL_28341904.mp3,"""Doe bin ik by beppe kommen.""",2,0,seventies,male,,fy-NL,
e011f470502431004de3b34245a1a85a97413ea805b12cce9ddfff98038bef1a56cd0a4d2ebb93e9b8c51bf33ec5f75dd687669b422c2bbe2ff7de0844effb9c,/scratch/s5130867/cv-corpus-13.0-2023-03-09/fy-NL/clips/common_voice_fy-NL_28342066.mp3,"""Hy sjocht fereale nei de sjongeres mei de rôze klean oan.""",2,0,seventies,male,,fy-NL,
e011f470502431004de3b34245a1a85a97413ea805b12cce9ddfff98038bef1a56cd0a4d2ebb93e9b8c51bf33ec5f75dd687669b422c2bbe2ff7de0844effb9c,/scratch/s5130867/cv-corpus-13.0-2023-03-09/fy-NL/clips/common_voice_fy-NL_28342098.mp3,"""Fierwei de measte lietteksten geane oer de leafde en relaasjes.""",2,0,seventies,male,,fy-NL,
e011f470502431004de3b34245a1a85a97413ea805b12cce9ddfff98038bef1a56cd0a4d2ebb93e9b8c51bf33ec5f75dd687669b422c2bbe2ff7de0844effb9c,/scratch/s5130867/cv-corpus-13.0-2023-03-09/fy-NL/clips/common_voice_fy-NL_28342104.mp3,"""Selektearje alles.""",2,0,seventies,male,,fy-NL,
e011f470502431004de3b34245a1a85a97413ea805b12cce9ddfff98038bef1a56cd0a4d2ebb93e9b8c51bf33ec5f75dd687669b422c2bbe2ff7de0844effb9c,/scratch/s5130867/cv-corpus-13.0-2023-03-09/fy-NL/clips/common_voice_fy-NL_28342490.mp3,"""Se meie wolris by harsels freegje oft it allegearre wol doocht wat se sizze.""",2,0,seventies,male,,fy-NL,
e011f470502431004de3b34245a1a85a97413ea805b12cce9ddfff98038bef1a56cd0a4d2ebb93e9b8c51bf33ec5f75dd687669b422c2bbe2ff7de0844effb9c,/scratch/s5130867/cv-corpus-13.0-2023-03-09/fy-NL/clips/common_voice_fy-NL_28342504.mp3,"""Dit is myn maat en hy docht oan fuotbaljen.""",2,0,seventies,male,,fy-NL,
e011f470502431004de3b34245a1a85a97413ea805b12cce9ddfff98038bef1a56cd0a4d2ebb93e9b8c51bf33ec5f75dd687669b422c2bbe2ff7de0844effb9c,/scratch/s5130867/cv-corpus-13.0-2023-03-09/fy-NL/clips/common_voice_fy-NL_28342764.mp3,"""Bern dy't boarten mei fjoerwurk hawwe tiisdeitemoarn brân feroarsake yn in hús.""",2,0,seventies,male,,fy-NL,
e011f470502431004de3b34245a1a85a97413ea805b12cce9ddfff98038bef1a56cd0a4d2ebb93e9b8c51bf33ec5f75dd687669b422c2bbe2ff7de0844effb9c,/scratch/s5130867/cv-corpus-13.0-2023-03-09/fy-NL/clips/common_voice_fy-NL_28342811.mp3,"""Ik wol net de kâns rinne dat ik har mem oan 'e line krij.""",2,0,seventies,male,,fy-NL,
e011f470502431004de3b34245a1a85a97413ea805b12cce9ddfff98038bef1a56cd0a4d2ebb93e9b8c51bf33ec5f75dd687669b422c2bbe2ff7de0844effb9c,/scratch/s5130867/cv-corpus-13.0-2023-03-09/fy-NL/clips/common_voice_fy-NL_28342986.mp3,"""As it de muoite wurdich is om te dwaan, doch it dan goed.""",2,0,seventies,male,,fy-NL,
e011f470502431004de3b34245a1a85a97413ea805b12cce9ddfff98038bef1a56cd0a4d2ebb93e9b8c51bf33ec5f75dd687669b422c2bbe2ff7de0844effb9c,/scratch/s5130867/cv-corpus-13.0-2023-03-09/fy-NL/clips/common_voice_fy-NL_28343277.mp3,"""Dan bist yn ien kear fan it gesoademiter ôf.""",2,0,seventies,male,,fy-NL,
e011f470502431004de3b34245a1a85a97413ea805b12cce9ddfff98038bef1a56cd0a4d2ebb93e9b8c51bf33ec5f75dd687669b422c2bbe2ff7de0844effb9c,/scratch/s5130867/cv-corpus-13.0-2023-03-09/fy-NL/clips/common_voice_fy-NL_28343410.mp3,"""Hja moast in soad wurk út hannen jaan.""",2,0,seventies,male,,fy-NL,
e011f470502431004de3b34245a1a85a97413ea805b12cce9ddfff98038bef1a56cd0a4d2ebb93e9b8c51bf33ec5f75dd687669b422c2bbe2ff7de0844effb9c,/scratch/s5130867/cv-corpus-13.0-2023-03-09/fy-NL/clips/common_voice_fy-NL_28343744.mp3,"""Op dit stuit wurdt ûndersocht oft in referindum oer dit ûnderwerp juridysk mooglik is.""",2,0,seventies,male,,fy-NL,
e011f470502431004de3b34245a1a85a97413ea805b12cce9ddfff98038bef1a56cd0a4d2ebb93e9b8c51bf33ec5f75dd687669b422c2bbe2ff7de0844effb9c,/scratch/s5130867/cv-corpus-13.0-2023-03-09/fy-NL/clips/common_voice_fy-NL_28343828.mp3,"""Saterdeitenacht hat it flak boppe de planten justjes ûnder it friespunt west.""",2,0,seventies,male,,fy-NL,
e011f470502431004de3b34245a1a85a97413ea805b12cce9ddfff98038bef1a56cd0a4d2ebb93e9b8c51bf33ec5f75dd687669b422c2bbe2ff7de0844effb9c,/scratch/s5130867/cv-corpus-13.0-2023-03-09/fy-NL/clips/common_voice_fy-NL_28343895.mp3,"""Sa'n grutte logistike operaasje easket in spesjale ynstelling.""",2,0,seventies,male,,fy-NL,
e011f470502431004de3b34245a1a85a97413ea805b12cce9ddfff98038bef1a56cd0a4d2ebb93e9b8c51bf33ec5f75dd687669b422c2bbe2ff7de0844effb9c,/scratch/s5130867/cv-corpus-13.0-2023-03-09/fy-NL/clips/common_voice_fy-NL_28343923.mp3,"""Hoe sjogge de ferskillende generaasjes nei relaasjes?""",2,0,seventies,male,,fy-NL,
e011f470502431004de3b34245a1a85a97413ea805b12cce9ddfff98038bef1a56cd0a4d2ebb93e9b8c51bf33ec5f75dd687669b422c2bbe2ff7de0844effb9c,/scratch/s5130867/cv-corpus-13.0-2023-03-09/fy-NL/clips/common_voice_fy-NL_28343924.mp3,"""Hja krije amper twa minuten tiid om har wier te meitsjen.""",2,0,seventies,male,,fy-NL,
ab3f44ab184e069492649baec8248dcd9e90a105703deea63f2963005a303d0c205402d80966e45c6a8938d9d8d87efe2a8fab7f50d634652aeff4b60774dbdd,/scratch/s5130867/cv-corpus-13.0-2023-03-09/fy-NL/clips/common_voice_fy-NL_21431097.mp3,"""It is goed om by in jubileum werom te sjen.""",2,0,sixties,female,,fy-NL,
ab3f44ab184e069492649baec8248dcd9e90a105703deea63f2963005a303d0c205402d80966e45c6a8938d9d8d87efe2a8fab7f50d634652aeff4b60774dbdd,/scratch/s5130867/cv-corpus-13.0-2023-03-09/fy-NL/clips/common_voice_fy-NL_21431313.mp3,"""Do hast dyn jierdei op woansdei.""",2,0,sixties,female,,fy-NL,
ab3f44ab184e069492649baec8248dcd9e90a105703deea63f2963005a303d0c205402d80966e45c6a8938d9d8d87efe2a8fab7f50d634652aeff4b60774dbdd,/scratch/s5130867/cv-corpus-13.0-2023-03-09/fy-NL/clips/common_voice_fy-NL_21431321.mp3,"""It boerd wie swart en de sifers en letters wyt.""",2,0,sixties,female,,fy-NL,
ab3f44ab184e069492649baec8248dcd9e90a105703deea63f2963005a303d0c205402d80966e45c6a8938d9d8d87efe2a8fab7f50d634652aeff4b60774dbdd,/scratch/s5130867/cv-corpus-13.0-2023-03-09/fy-NL/clips/common_voice_fy-NL_21431323.mp3,"""Ofrûne woansdeitejûn wie de lêste wedstriid fan de simmerkompetysje.""",2,0,sixties,female,,fy-NL,
ab3f44ab184e069492649baec8248dcd9e90a105703deea63f2963005a303d0c205402d80966e45c6a8938d9d8d87efe2a8fab7f50d634652aeff4b60774dbdd,/scratch/s5130867/cv-corpus-13.0-2023-03-09/fy-NL/clips/common_voice_fy-NL_21431363.mp3,"""In trekker sit ûnder de giele ferve en in doar is bekladde.""",2,0,sixties,female,,fy-NL,
ab3f44ab184e069492649baec8248dcd9e90a105703deea63f2963005a303d0c205402d80966e45c6a8938d9d8d87efe2a8fab7f50d634652aeff4b60774dbdd,/scratch/s5130867/cv-corpus-13.0-2023-03-09/fy-NL/clips/common_voice_fy-NL_21445072.mp3,"""Der wiene yn dy jierren oates en toates gizelingen en ûntfieringen.""",2,1,sixties,female,,fy-NL,
ab3f44ab184e069492649baec8248dcd9e90a105703deea63f2963005a303d0c205402d80966e45c6a8938d9d8d87efe2a8fab7f50d634652aeff4b60774dbdd,/scratch/s5130867/cv-corpus-13.0-2023-03-09/fy-NL/clips/common_voice_fy-NL_21689497.mp3,"""Troch de drûchte fan ôfrûne simmer binne de parren oan de lytse kant.""",2,1,sixties,female,,fy-NL,
ab3f44ab184e069492649baec8248dcd9e90a105703deea63f2963005a303d0c205402d80966e45c6a8938d9d8d87efe2a8fab7f50d634652aeff4b60774dbdd,/scratch/s5130867/cv-corpus-13.0-2023-03-09/fy-NL/clips/common_voice_fy-NL_21689547.mp3,"""Men kin sels de kleur fan it skerm ynstelle.""",2,0,sixties,female,,fy-NL,
ab3f44ab184e069492649baec8248dcd9e90a105703deea63f2963005a303d0c205402d80966e45c6a8938d9d8d87efe2a8fab7f50d634652aeff4b60774dbdd,/scratch/s5130867/cv-corpus-13.0-2023-03-09/fy-NL/clips/common_voice_fy-NL_21689549.mp3,"""Oan 'e ein fan 'e middei soene wy wer ophelle wurde troch it boatsje.""",2,1,sixties,female,,fy-NL,
ab3f44ab184e069492649baec8248dcd9e90a105703deea63f2963005a303d0c205402d80966e45c6a8938d9d8d87efe2a8fab7f50d634652aeff4b60774dbdd,/scratch/s5130867/cv-corpus-13.0-2023-03-09/fy-NL/clips/common_voice_fy-NL_21689559.mp3,"""Nei iten kinst yn ús bar terjochte foar in lekker kopke kofje.""",2,0,sixties,female,,fy-NL,
ab3f44ab184e069492649baec8248dcd9e90a105703deea63f2963005a303d0c205402d80966e45c6a8938d9d8d87efe2a8fab7f50d634652aeff4b60774dbdd,/scratch/s5130867/cv-corpus-13.0-2023-03-09/fy-NL/clips/common_voice_fy-NL_21689573.mp3,"""Hij kin allegear oare drokten net kombinearje mei it foarsitterskip fan 'e feriening.""",2,0,sixties,female,,fy-NL,
ab3f44ab184e069492649baec8248dcd9e90a105703deea63f2963005a303d0c205402d80966e45c6a8938d9d8d87efe2a8fab7f50d634652aeff4b60774dbdd,/scratch/s5130867/cv-corpus-13.0-2023-03-09/fy-NL/clips/common_voice_fy-NL_21689587.mp3,"""It sikehús giet ein dizze wike ticht.""",2,0,sixties,female,,fy-NL,
ab3f44ab184e069492649baec8248dcd9e90a105703deea63f2963005a303d0c205402d80966e45c6a8938d9d8d87efe2a8fab7f50d634652aeff4b60774dbdd,/scratch/s5130867/cv-corpus-13.0-2023-03-09/fy-NL/clips/common_voice_fy-NL_21689597.mp3,"""De optredens fariearje fan it begelieden fan in tsjerketsjinst oant in programma yn fersoargingshuzen.""",2,0,sixties,female,,fy-NL,
ab3f44ab184e069492649baec8248dcd9e90a105703deea63f2963005a303d0c205402d80966e45c6a8938d9d8d87efe2a8fab7f50d634652aeff4b60774dbdd,/scratch/s5130867/cv-corpus-13.0-2023-03-09/fy-NL/clips/common_voice_fy-NL_21689614.mp3,"""As der wat barre moat, steane je faak foaroan.""",2,0,sixties,female,,fy-NL,
ab3f44ab184e069492649baec8248dcd9e90a105703deea63f2963005a303d0c205402d80966e45c6a8938d9d8d87efe2a8fab7f50d634652aeff4b60774dbdd,/scratch/s5130867/cv-corpus-13.0-2023-03-09/fy-NL/clips/common_voice_fy-NL_21689674.mp3,"""It earste datst dwaan moatten hiest, is nei de faam ta gean.""",2,0,sixties,female,,fy-NL,
8ff7b18cb6471b84215ee6cfd13f9d940eddf510e11fa5fc6818276bdab274beca1ad2c0e1145ab6ff362b20b8a6e8b42db7397c04665ade31eb5bfd33ebe832,/scratch/s5130867/cv-corpus-13.0-2023-03-09/fy-NL/clips/common_voice_fy-NL_21479691.mp3,"""Wy komme nei it strân om nei de famkes te sjen.""",3,0,sixties,female,,fy-NL,
8ff7b18cb6471b84215ee6cfd13f9d940eddf510e11fa5fc6818276bdab274beca1ad2c0e1145ab6ff362b20b8a6e8b42db7397c04665ade31eb5bfd33ebe832,/scratch/s5130867/cv-corpus-13.0-2023-03-09/fy-NL/clips/common_voice_fy-NL_21479692.mp3,"""It wetterskip wol in suveringsynstallaasje oanlizze.""",2,0,sixties,female,,fy-NL,
8ff7b18cb6471b84215ee6cfd13f9d940eddf510e11fa5fc6818276bdab274beca1ad2c0e1145ab6ff362b20b8a6e8b42db7397c04665ade31eb5bfd33ebe832,/scratch/s5130867/cv-corpus-13.0-2023-03-09/fy-NL/clips/common_voice_fy-NL_21479716.mp3,"""Ik hjit Jack.""",2,0,sixties,female,,fy-NL,
8ff7b18cb6471b84215ee6cfd13f9d940eddf510e11fa5fc6818276bdab274beca1ad2c0e1145ab6ff362b20b8a6e8b42db7397c04665ade31eb5bfd33ebe832,/scratch/s5130867/cv-corpus-13.0-2023-03-09/fy-NL/clips/common_voice_fy-NL_21479886.mp3,"""Sa'n tritich húshâldens sieten sûnder wetter troch in lek yn de wetterlieding.""",2,0,sixties,female,,fy-NL,
8ff7b18cb6471b84215ee6cfd13f9d940eddf510e11fa5fc6818276bdab274beca1ad2c0e1145ab6ff362b20b8a6e8b42db7397c04665ade31eb5bfd33ebe832,/scratch/s5130867/cv-corpus-13.0-2023-03-09/fy-NL/clips/common_voice_fy-NL_21479903.mp3,"""Se is noch mar sân en tweintich, dus noch lang gjin beppe.""",2,0,sixties,female,,fy-NL,
8ff7b18cb6471b84215ee6cfd13f9d940eddf510e11fa5fc6818276bdab274beca1ad2c0e1145ab6ff362b20b8a6e8b42db7397c04665ade31eb5bfd33ebe832,/scratch/s5130867/cv-corpus-13.0-2023-03-09/fy-NL/clips/common_voice_fy-NL_21479927.mp3,"""It is net mear sa.""",2,0,sixties,female,,fy-NL,
8ff7b18cb6471b84215ee6cfd13f9d940eddf510e11fa5fc6818276bdab274beca1ad2c0e1145ab6ff362b20b8a6e8b42db7397c04665ade31eb5bfd33ebe832,/scratch/s5130867/cv-corpus-13.0-2023-03-09/fy-NL/clips/common_voice_fy-NL_21481211.mp3,"""Hja hawwe har aksjepunten helder beskreaun yn it ferkiezingsprogramma.""",2,0,sixties,female,,fy-NL,
8ff7b18cb6471b84215ee6cfd13f9d940eddf510e11fa5fc6818276bdab274beca1ad2c0e1145ab6ff362b20b8a6e8b42db7397c04665ade31eb5bfd33ebe832,/scratch/s5130867/cv-corpus-13.0-2023-03-09/fy-NL/clips/common_voice_fy-NL_21481313.mp3,"""Hy moat al gau frijlitten wurde om't der gjin bewiis levere wurde kin.""",2,1,sixties,female,,fy-NL,
8ff7b18cb6471b84215ee6cfd13f9d940eddf510e11fa5fc6818276bdab274beca1ad2c0e1145ab6ff362b20b8a6e8b42db7397c04665ade31eb5bfd33ebe832,/scratch/s5130867/cv-corpus-13.0-2023-03-09/fy-NL/clips/common_voice_fy-NL_21481531.mp3,"""Alle ynsitters binne by it ûngemak om it libben kommen.""",2,0,sixties,female,,fy-NL,
8ff7b18cb6471b84215ee6cfd13f9d940eddf510e11fa5fc6818276bdab274beca1ad2c0e1145ab6ff362b20b8a6e8b42db7397c04665ade31eb5bfd33ebe832,/scratch/s5130867/cv-corpus-13.0-2023-03-09/fy-NL/clips/common_voice_fy-NL_21481577.mp3,"""Geregeld syktefersom is op himsels gjin reden foar ûntslach.""",2,1,sixties,female,,fy-NL,
8ff7b18cb6471b84215ee6cfd13f9d940eddf510e11fa5fc6818276bdab274beca1ad2c0e1145ab6ff362b20b8a6e8b42db7397c04665ade31eb5bfd33ebe832,/scratch/s5130867/cv-corpus-13.0-2023-03-09/fy-NL/clips/common_voice_fy-NL_21481648.mp3,"""Dit sil noch wol gean, tink.""",2,1,sixties,female,,fy-NL,
8ff7b18cb6471b84215ee6cfd13f9d940eddf510e11fa5fc6818276bdab274beca1ad2c0e1145ab6ff362b20b8a6e8b42db7397c04665ade31eb5bfd33ebe832,/scratch/s5130867/cv-corpus-13.0-2023-03-09/fy-NL/clips/common_voice_fy-NL_21481671.mp3,"""Meitsje in fideo.""",2,0,sixties,female,,fy-NL,
8ff7b18cb6471b84215ee6cfd13f9d940eddf510e11fa5fc6818276bdab274beca1ad2c0e1145ab6ff362b20b8a6e8b42db7397c04665ade31eb5bfd33ebe832,/scratch/s5130867/cv-corpus-13.0-2023-03-09/fy-NL/clips/common_voice_fy-NL_21481734.mp3,"""Ik tocht, wat kin my dat skele, men libbet mar ien kear.""",2,0,sixties,female,,fy-NL,
23571776619d54ea7ce5bc6f27c20e742f650187824dae8d53c60068c4db9457745c85632dcf352b9bebec72c7b39efe801073b17e92d5f63487d0e46f08d41c,/scratch/s5130867/cv-corpus-13.0-2023-03-09/fy-NL/clips/common_voice_fy-NL_28395296.mp3,"""In nije ferzje kin fan de webside ôf download wurde.""",2,0,sixties,female,,fy-NL,
23571776619d54ea7ce5bc6f27c20e742f650187824dae8d53c60068c4db9457745c85632dcf352b9bebec72c7b39efe801073b17e92d5f63487d0e46f08d41c,/scratch/s5130867/cv-corpus-13.0-2023-03-09/fy-NL/clips/common_voice_fy-NL_28395768.mp3,"""By de begraffenis hie er stimmige swarte klean oan.""",2,0,sixties,female,,fy-NL,
23571776619d54ea7ce5bc6f27c20e742f650187824dae8d53c60068c4db9457745c85632dcf352b9bebec72c7b39efe801073b17e92d5f63487d0e46f08d41c,/scratch/s5130867/cv-corpus-13.0-2023-03-09/fy-NL/clips/common_voice_fy-NL_28395814.mp3,"""Dat boek haw ik wer teplak set yn 'e kast.""",2,0,sixties,female,,fy-NL,
23571776619d54ea7ce5bc6f27c20e742f650187824dae8d53c60068c4db9457745c85632dcf352b9bebec72c7b39efe801073b17e92d5f63487d0e46f08d41c,/scratch/s5130867/cv-corpus-13.0-2023-03-09/fy-NL/clips/common_voice_fy-NL_28397087.mp3,"""De formules yn dizze rige werjaan.""",2,0,sixties,female,,fy-NL,
35db169cb08e7f025e27f8ee406852bae34b8970e9765a0c7324565853b2a61a3720f848263055131c68667daaf1dff77e755a9297afb5d128f8735cbfd298e4,/scratch/s5130867/cv-corpus-13.0-2023-03-09/fy-NL/clips/common_voice_fy-NL_28241310.mp3,"""Dat hinget ek in bytsje ôf fan de minsken dy't je krije.""",2,0,seventies,male,,fy-NL,
35db169cb08e7f025e27f8ee406852bae34b8970e9765a0c7324565853b2a61a3720f848263055131c68667daaf1dff77e755a9297afb5d128f8735cbfd298e4,/scratch/s5130867/cv-corpus-13.0-2023-03-09/fy-NL/clips/common_voice_fy-NL_28241311.mp3,"""Peaskesaterdei is de saterdei foar Peaske en de lêste dei fan de lijenswike.""",2,0,seventies,male,,fy-NL,
35db169cb08e7f025e27f8ee406852bae34b8970e9765a0c7324565853b2a61a3720f848263055131c68667daaf1dff77e755a9297afb5d128f8735cbfd298e4,/scratch/s5130867/cv-corpus-13.0-2023-03-09/fy-NL/clips/common_voice_fy-NL_28241372.mp3,"""De frou koe sels út de auto komme mar net sels de wâl berikke.""",2,0,seventies,male,,fy-NL,
35db169cb08e7f025e27f8ee406852bae34b8970e9765a0c7324565853b2a61a3720f848263055131c68667daaf1dff77e755a9297afb5d128f8735cbfd298e4,/scratch/s5130867/cv-corpus-13.0-2023-03-09/fy-NL/clips/common_voice_fy-NL_28241373.mp3,"""Ofrûne sneintemoarn haw ik nei de tsjerke hjir yn de wyk ta west.""",2,1,seventies,male,,fy-NL,
e799c5d1960c4851c06403b848f43b158a1f25801efceb90c6d59aba61dcebeb7c748d2137f15c2cce70f6a1b9cae5b5a2b5c64a94c720d2d1f89e5fa7240b38,/scratch/s5130867/cv-corpus-13.0-2023-03-09/fy-NL/clips/common_voice_fy-NL_21435210.mp3,"""De saterdeitejûns dat wy der wiene, wie it gesellich drok.""",2,1,sixties,female,,fy-NL,
e799c5d1960c4851c06403b848f43b158a1f25801efceb90c6d59aba61dcebeb7c748d2137f15c2cce70f6a1b9cae5b5a2b5c64a94c720d2d1f89e5fa7240b38,/scratch/s5130867/cv-corpus-13.0-2023-03-09/fy-NL/clips/common_voice_fy-NL_21435213.mp3,"""Hja hat niget oan wiskunde en technyk.""",2,0,sixties,female,,fy-NL,
e799c5d1960c4851c06403b848f43b158a1f25801efceb90c6d59aba61dcebeb7c748d2137f15c2cce70f6a1b9cae5b5a2b5c64a94c720d2d1f89e5fa7240b38,/scratch/s5130867/cv-corpus-13.0-2023-03-09/fy-NL/clips/common_voice_fy-NL_21435576.mp3,"""Simen fan ús Fok moast dêr ride.""",2,1,sixties,female,,fy-NL,
e799c5d1960c4851c06403b848f43b158a1f25801efceb90c6d59aba61dcebeb7c748d2137f15c2cce70f6a1b9cae5b5a2b5c64a94c720d2d1f89e5fa7240b38,/scratch/s5130867/cv-corpus-13.0-2023-03-09/fy-NL/clips/common_voice_fy-NL_21435939.mp3,"""It ûndersyk fan 'e gemeente lit in justjes oar byld sjen.""",2,0,sixties,female,,fy-NL,
e799c5d1960c4851c06403b848f43b158a1f25801efceb90c6d59aba61dcebeb7c748d2137f15c2cce70f6a1b9cae5b5a2b5c64a94c720d2d1f89e5fa7240b38,/scratch/s5130867/cv-corpus-13.0-2023-03-09/fy-NL/clips/common_voice_fy-NL_21436097.mp3,"""Do praatst natuerlik ek in protte mei de minsken.""",2,0,sixties,female,,fy-NL,
e799c5d1960c4851c06403b848f43b158a1f25801efceb90c6d59aba61dcebeb7c748d2137f15c2cce70f6a1b9cae5b5a2b5c64a94c720d2d1f89e5fa7240b38,/scratch/s5130867/cv-corpus-13.0-2023-03-09/fy-NL/clips/common_voice_fy-NL_21445756.mp3,"""Saterdeitemoarn foar in wike soene wy inoar treffe, mar hy belle ôf.""",2,0,sixties,female,,fy-NL,
e799c5d1960c4851c06403b848f43b158a1f25801efceb90c6d59aba61dcebeb7c748d2137f15c2cce70f6a1b9cae5b5a2b5c64a94c720d2d1f89e5fa7240b38,/scratch/s5130867/cv-corpus-13.0-2023-03-09/fy-NL/clips/common_voice_fy-NL_21471672.mp3,"""Wy biede jo fergees in ekstra praktykmiddei oan.""",2,0,sixties,female,,fy-NL,
e799c5d1960c4851c06403b848f43b158a1f25801efceb90c6d59aba61dcebeb7c748d2137f15c2cce70f6a1b9cae5b5a2b5c64a94c720d2d1f89e5fa7240b38,/scratch/s5130867/cv-corpus-13.0-2023-03-09/fy-NL/clips/common_voice_fy-NL_21513298.mp3,"""Men stapt yn in wrâld dêr't men fan tinkt: hoe is it mooglik.""",2,1,sixties,female,,fy-NL,
43564ce486fe4a1e34789f47ea535b8ac2ed4e225dd2ccd00f5061818d012a14930d60b9704021fe7f1e1ddad6a76ab6731e2486f5bd6c26fbcd0add5b1ae34b,/scratch/s5130867/cv-corpus-13.0-2023-03-09/fy-NL/clips/common_voice_fy-NL_21466205.mp3,"""Wat soe fan him wurden wêze sûnder Ellen?""",2,0,sixties,male,,fy-NL,
43564ce486fe4a1e34789f47ea535b8ac2ed4e225dd2ccd00f5061818d012a14930d60b9704021fe7f1e1ddad6a76ab6731e2486f5bd6c26fbcd0add5b1ae34b,/scratch/s5130867/cv-corpus-13.0-2023-03-09/fy-NL/clips/common_voice_fy-NL_21468849.mp3,"""Ik tocht dat se aardich prizich wienen, sei er.""",2,0,sixties,male,,fy-NL,
43564ce486fe4a1e34789f47ea535b8ac2ed4e225dd2ccd00f5061818d012a14930d60b9704021fe7f1e1ddad6a76ab6731e2486f5bd6c26fbcd0add5b1ae34b,/scratch/s5130867/cv-corpus-13.0-2023-03-09/fy-NL/clips/common_voice_fy-NL_21468850.mp3,"""Hja sette de nôtmûne op saterdeitemoarn yn it wurk.""",2,0,sixties,male,,fy-NL,
43564ce486fe4a1e34789f47ea535b8ac2ed4e225dd2ccd00f5061818d012a14930d60b9704021fe7f1e1ddad6a76ab6731e2486f5bd6c26fbcd0add5b1ae34b,/scratch/s5130867/cv-corpus-13.0-2023-03-09/fy-NL/clips/common_voice_fy-NL_21468852.mp3,"""Foarige stjoerder.""",2,0,sixties,male,,fy-NL,
43564ce486fe4a1e34789f47ea535b8ac2ed4e225dd2ccd00f5061818d012a14930d60b9704021fe7f1e1ddad6a76ab6731e2486f5bd6c26fbcd0add5b1ae34b,/scratch/s5130867/cv-corpus-13.0-2023-03-09/fy-NL/clips/common_voice_fy-NL_21470003.mp3,"""Set oer nei it Frysk.""",2,0,sixties,male,,fy-NL,
43564ce486fe4a1e34789f47ea535b8ac2ed4e225dd2ccd00f5061818d012a14930d60b9704021fe7f1e1ddad6a76ab6731e2486f5bd6c26fbcd0add5b1ae34b,/scratch/s5130867/cv-corpus-13.0-2023-03-09/fy-NL/clips/common_voice_fy-NL_21470028.mp3,"""Hja woe my de hân lêze.""",2,0,sixties,male,,fy-NL,
43564ce486fe4a1e34789f47ea535b8ac2ed4e225dd2ccd00f5061818d012a14930d60b9704021fe7f1e1ddad6a76ab6731e2486f5bd6c26fbcd0add5b1ae34b,/scratch/s5130867/cv-corpus-13.0-2023-03-09/fy-NL/clips/common_voice_fy-NL_21486447.mp3,"""Ik bin bliid as ik fiif skilderijen jiers meitsje dêr't ik tefreden oer bin.""",2,0,sixties,male,,fy-NL,
43564ce486fe4a1e34789f47ea535b8ac2ed4e225dd2ccd00f5061818d012a14930d60b9704021fe7f1e1ddad6a76ab6731e2486f5bd6c26fbcd0add5b1ae34b,/scratch/s5130867/cv-corpus-13.0-2023-03-09/fy-NL/clips/common_voice_fy-NL_21488884.mp3,"""By in âldereinflat wurde de lêste tiid scootmobilen stellen.""",2,0,sixties,male,,fy-NL,
43564ce486fe4a1e34789f47ea535b8ac2ed4e225dd2ccd00f5061818d012a14930d60b9704021fe7f1e1ddad6a76ab6731e2486f5bd6c26fbcd0add5b1ae34b,/scratch/s5130867/cv-corpus-13.0-2023-03-09/fy-NL/clips/common_voice_fy-NL_21489015.mp3,"""De programma's dy't in soad publyk lûke, kostje faak ek in soad jild.""",2,0,sixties,male,,fy-NL,
32be2d1e0fb4f91d5780895ae0a23ba8375a06bd2c138053d854e6f5eb32496ac9da1ac170b100af76742a35c5072573ed7f2eba751ff5ccd0646c6a48ce4900,/scratch/s5130867/cv-corpus-13.0-2023-03-09/fy-NL/clips/common_voice_fy-NL_23787010.mp3,"""Hy die mei oan in fersetsaksje en foel yn hannen fan de polysje.""",2,0,sixties,female,,fy-NL,
32be2d1e0fb4f91d5780895ae0a23ba8375a06bd2c138053d854e6f5eb32496ac9da1ac170b100af76742a35c5072573ed7f2eba751ff5ccd0646c6a48ce4900,/scratch/s5130867/cv-corpus-13.0-2023-03-09/fy-NL/clips/common_voice_fy-NL_23787051.mp3,"""De tydlike skoalle waard freed ynrjochte mei help fan sa'n tritich âlden.""",2,0,sixties,female,,fy-NL,
32be2d1e0fb4f91d5780895ae0a23ba8375a06bd2c138053d854e6f5eb32496ac9da1ac170b100af76742a35c5072573ed7f2eba751ff5ccd0646c6a48ce4900,/scratch/s5130867/cv-corpus-13.0-2023-03-09/fy-NL/clips/common_voice_fy-NL_23787055.mp3,"""Ik kin de sjuery goed begripe.""",2,0,sixties,female,,fy-NL,
32be2d1e0fb4f91d5780895ae0a23ba8375a06bd2c138053d854e6f5eb32496ac9da1ac170b100af76742a35c5072573ed7f2eba751ff5ccd0646c6a48ce4900,/scratch/s5130867/cv-corpus-13.0-2023-03-09/fy-NL/clips/common_voice_fy-NL_23787139.mp3,"""Klik op ôfbylding.""",2,0,sixties,female,,fy-NL,
32be2d1e0fb4f91d5780895ae0a23ba8375a06bd2c138053d854e6f5eb32496ac9da1ac170b100af76742a35c5072573ed7f2eba751ff5ccd0646c6a48ce4900,/scratch/s5130867/cv-corpus-13.0-2023-03-09/fy-NL/clips/common_voice_fy-NL_23788150.mp3,"""Der binne mei-inoar in pear hûndert wurden dy't in oare stavering krigen hawwe.""",2,1,sixties,female,,fy-NL,
32be2d1e0fb4f91d5780895ae0a23ba8375a06bd2c138053d854e6f5eb32496ac9da1ac170b100af76742a35c5072573ed7f2eba751ff5ccd0646c6a48ce4900,/scratch/s5130867/cv-corpus-13.0-2023-03-09/fy-NL/clips/common_voice_fy-NL_23797304.mp3,"""Ik hie der gjin aan fan wêr't it frommes it oer hie.""",3,0,sixties,female,,fy-NL,
32be2d1e0fb4f91d5780895ae0a23ba8375a06bd2c138053d854e6f5eb32496ac9da1ac170b100af76742a35c5072573ed7f2eba751ff5ccd0646c6a48ce4900,/scratch/s5130867/cv-corpus-13.0-2023-03-09/fy-NL/clips/common_voice_fy-NL_23797324.mp3,"""Ein fan it jier wie der in aksje foar minskerjochten.""",2,1,sixties,female,,fy-NL,
32be2d1e0fb4f91d5780895ae0a23ba8375a06bd2c138053d854e6f5eb32496ac9da1ac170b100af76742a35c5072573ed7f2eba751ff5ccd0646c6a48ce4900,/scratch/s5130867/cv-corpus-13.0-2023-03-09/fy-NL/clips/common_voice_fy-NL_23800377.mp3,"""Freegje wat de oanbieding fan 'e dei is.""",2,0,sixties,female,,fy-NL,
32be2d1e0fb4f91d5780895ae0a23ba8375a06bd2c138053d854e6f5eb32496ac9da1ac170b100af76742a35c5072573ed7f2eba751ff5ccd0646c6a48ce4900,/scratch/s5130867/cv-corpus-13.0-2023-03-09/fy-NL/clips/common_voice_fy-NL_23800385.mp3,"""It tal oanmeldingen by de skoalle is dit jier bot groeid.""",2,0,sixties,female,,fy-NL,
32be2d1e0fb4f91d5780895ae0a23ba8375a06bd2c138053d854e6f5eb32496ac9da1ac170b100af76742a35c5072573ed7f2eba751ff5ccd0646c6a48ce4900,/scratch/s5130867/cv-corpus-13.0-2023-03-09/fy-NL/clips/common_voice_fy-NL_23800390.mp3,"""Soenen jo efkes nei myn skonk sjen kinne?""",2,0,sixties,female,,fy-NL,
32be2d1e0fb4f91d5780895ae0a23ba8375a06bd2c138053d854e6f5eb32496ac9da1ac170b100af76742a35c5072573ed7f2eba751ff5ccd0646c6a48ce4900,/scratch/s5130867/cv-corpus-13.0-2023-03-09/fy-NL/clips/common_voice_fy-NL_23800449.mp3,"""Justerjûn hawwe de bern in jûnskuier makke yn it tsjuster.""",2,0,sixties,female,,fy-NL,
32be2d1e0fb4f91d5780895ae0a23ba8375a06bd2c138053d854e6f5eb32496ac9da1ac170b100af76742a35c5072573ed7f2eba751ff5ccd0646c6a48ce4900,/scratch/s5130867/cv-corpus-13.0-2023-03-09/fy-NL/clips/common_voice_fy-NL_23802477.mp3,"""Op it hichtepunt fan de foarstelling swiere der tritich dûnsers oer it iis.""",2,0,sixties,female,,fy-NL,
32be2d1e0fb4f91d5780895ae0a23ba8375a06bd2c138053d854e6f5eb32496ac9da1ac170b100af76742a35c5072573ed7f2eba751ff5ccd0646c6a48ce4900,/scratch/s5130867/cv-corpus-13.0-2023-03-09/fy-NL/clips/common_voice_fy-NL_23802654.mp3,"""Ik sit hjir al in oere te wachtsjen.""",2,0,sixties,female,,fy-NL,
32be2d1e0fb4f91d5780895ae0a23ba8375a06bd2c138053d854e6f5eb32496ac9da1ac170b100af76742a35c5072573ed7f2eba751ff5ccd0646c6a48ce4900,/scratch/s5130867/cv-corpus-13.0-2023-03-09/fy-NL/clips/common_voice_fy-NL_23802676.mp3,"""Op in nacht foel der in tsjok pak snie dat dagen lizzen bleau.""",2,0,sixties,female,,fy-NL,
32be2d1e0fb4f91d5780895ae0a23ba8375a06bd2c138053d854e6f5eb32496ac9da1ac170b100af76742a35c5072573ed7f2eba751ff5ccd0646c6a48ce4900,/scratch/s5130867/cv-corpus-13.0-2023-03-09/fy-NL/clips/common_voice_fy-NL_23813930.mp3,"""As haadfak studearret er moderne literatuer.""",2,0,sixties,female,,fy-NL,
32be2d1e0fb4f91d5780895ae0a23ba8375a06bd2c138053d854e6f5eb32496ac9da1ac170b100af76742a35c5072573ed7f2eba751ff5ccd0646c6a48ce4900,/scratch/s5130867/cv-corpus-13.0-2023-03-09/fy-NL/clips/common_voice_fy-NL_23841435.mp3,"""Dat is fan minder belang.""",2,0,sixties,female,,fy-NL,
32be2d1e0fb4f91d5780895ae0a23ba8375a06bd2c138053d854e6f5eb32496ac9da1ac170b100af76742a35c5072573ed7f2eba751ff5ccd0646c6a48ce4900,/scratch/s5130867/cv-corpus-13.0-2023-03-09/fy-NL/clips/common_voice_fy-NL_23841450.mp3,"""Wikselje nei it foarige finster.""",2,0,sixties,female,,fy-NL,
32be2d1e0fb4f91d5780895ae0a23ba8375a06bd2c138053d854e6f5eb32496ac9da1ac170b100af76742a35c5072573ed7f2eba751ff5ccd0646c6a48ce4900,/scratch/s5130867/cv-corpus-13.0-2023-03-09/fy-NL/clips/common_voice_fy-NL_23843960.mp3,"""Geart hat in protte freonen.""",2,0,sixties,female,,fy-NL,
32be2d1e0fb4f91d5780895ae0a23ba8375a06bd2c138053d854e6f5eb32496ac9da1ac170b100af76742a35c5072573ed7f2eba751ff5ccd0646c6a48ce4900,/scratch/s5130867/cv-corpus-13.0-2023-03-09/fy-NL/clips/common_voice_fy-NL_23846773.mp3,"""Foar de boer is it in stik better wurden.""",2,0,sixties,female,,fy-NL,
32be2d1e0fb4f91d5780895ae0a23ba8375a06bd2c138053d854e6f5eb32496ac9da1ac170b100af76742a35c5072573ed7f2eba751ff5ccd0646c6a48ce4900,/scratch/s5130867/cv-corpus-13.0-2023-03-09/fy-NL/clips/common_voice_fy-NL_23853178.mp3,"""De polysje nimt de saak heech op en praat fan besykjen ta deaslach.""",2,0,sixties,female,,fy-NL,
32be2d1e0fb4f91d5780895ae0a23ba8375a06bd2c138053d854e6f5eb32496ac9da1ac170b100af76742a35c5072573ed7f2eba751ff5ccd0646c6a48ce4900,/scratch/s5130867/cv-corpus-13.0-2023-03-09/fy-NL/clips/common_voice_fy-NL_23881345.mp3,"""De kuier sil duorje oant likernôch fjouwer oere.""",2,0,sixties,female,,fy-NL,
32be2d1e0fb4f91d5780895ae0a23ba8375a06bd2c138053d854e6f5eb32496ac9da1ac170b100af76742a35c5072573ed7f2eba751ff5ccd0646c6a48ce4900,/scratch/s5130867/cv-corpus-13.0-2023-03-09/fy-NL/clips/common_voice_fy-NL_23881360.mp3,"""Hja wie al fyftich, mar hja seach der folle jonger út.""",2,0,sixties,female,,fy-NL,
54df6ef1a971b6ecdc5c8aadb25713e972828e6a2ba65e5d76feaf775491a01930e538bc88d4f74f3da1efb3a471dbce2c2d3b454490b857f7e6d346a536be8a,/scratch/s5130867/cv-corpus-13.0-2023-03-09/fy-NL/clips/common_voice_fy-NL_21441270.mp3,"""Sokke dingen moatte hieltyd op 'e nij nei foaren brocht wurde.""",2,0,sixties,female,,fy-NL,
54df6ef1a971b6ecdc5c8aadb25713e972828e6a2ba65e5d76feaf775491a01930e538bc88d4f74f3da1efb3a471dbce2c2d3b454490b857f7e6d346a536be8a,/scratch/s5130867/cv-corpus-13.0-2023-03-09/fy-NL/clips/common_voice_fy-NL_21441279.mp3,"""Hy is keunstskilder.""",2,0,sixties,female,,fy-NL,
54df6ef1a971b6ecdc5c8aadb25713e972828e6a2ba65e5d76feaf775491a01930e538bc88d4f74f3da1efb3a471dbce2c2d3b454490b857f7e6d346a536be8a,/scratch/s5130867/cv-corpus-13.0-2023-03-09/fy-NL/clips/common_voice_fy-NL_21476460.mp3,"""Nei't ik bêdlegerich wurden wie, is der in hiel soad help kommen.""",2,0,sixties,female,,fy-NL,
54df6ef1a971b6ecdc5c8aadb25713e972828e6a2ba65e5d76feaf775491a01930e538bc88d4f74f3da1efb3a471dbce2c2d3b454490b857f7e6d346a536be8a,/scratch/s5130867/cv-corpus-13.0-2023-03-09/fy-NL/clips/common_voice_fy-NL_21495742.mp3,"""By it kontrôlepunt stiet in plysje.""",2,0,sixties,female,,fy-NL,
54df6ef1a971b6ecdc5c8aadb25713e972828e6a2ba65e5d76feaf775491a01930e538bc88d4f74f3da1efb3a471dbce2c2d3b454490b857f7e6d346a536be8a,/scratch/s5130867/cv-corpus-13.0-2023-03-09/fy-NL/clips/common_voice_fy-NL_21495772.mp3,"""De beide ploegen lieten gjin heechsteand fuotbal sjen.""",2,0,sixties,female,,fy-NL,
54df6ef1a971b6ecdc5c8aadb25713e972828e6a2ba65e5d76feaf775491a01930e538bc88d4f74f3da1efb3a471dbce2c2d3b454490b857f7e6d346a536be8a,/scratch/s5130867/cv-corpus-13.0-2023-03-09/fy-NL/clips/common_voice_fy-NL_21495775.mp3,"""Syn argewaasje wie ferdwûn en ek de wurgens fan de saterdeitemoarn.""",2,0,sixties,female,,fy-NL,
54df6ef1a971b6ecdc5c8aadb25713e972828e6a2ba65e5d76feaf775491a01930e538bc88d4f74f3da1efb3a471dbce2c2d3b454490b857f7e6d346a536be8a,/scratch/s5130867/cv-corpus-13.0-2023-03-09/fy-NL/clips/common_voice_fy-NL_21501933.mp3,"""It sprekoere, dat alle tongersdeitemiddeis holden wurdt, is altyd folboekt.""",2,0,sixties,female,,fy-NL,
54df6ef1a971b6ecdc5c8aadb25713e972828e6a2ba65e5d76feaf775491a01930e538bc88d4f74f3da1efb3a471dbce2c2d3b454490b857f7e6d346a536be8a,/scratch/s5130867/cv-corpus-13.0-2023-03-09/fy-NL/clips/common_voice_fy-NL_21501953.mp3,"""De resultaten falle tsjin en it bedriuw moat in skuld ôflosse.""",2,0,sixties,female,,fy-NL,
54df6ef1a971b6ecdc5c8aadb25713e972828e6a2ba65e5d76feaf775491a01930e538bc88d4f74f3da1efb3a471dbce2c2d3b454490b857f7e6d346a536be8a,/scratch/s5130867/cv-corpus-13.0-2023-03-09/fy-NL/clips/common_voice_fy-NL_21502024.mp3,"""Lege skuon stypje de ankels minder as hege.""",2,0,sixties,female,,fy-NL,
54df6ef1a971b6ecdc5c8aadb25713e972828e6a2ba65e5d76feaf775491a01930e538bc88d4f74f3da1efb3a471dbce2c2d3b454490b857f7e6d346a536be8a,/scratch/s5130867/cv-corpus-13.0-2023-03-09/fy-NL/clips/common_voice_fy-NL_21502026.mp3,"""Wat is der yn 'e nacht fan de ferdwining bard?""",2,0,sixties,female,,fy-NL,
54df6ef1a971b6ecdc5c8aadb25713e972828e6a2ba65e5d76feaf775491a01930e538bc88d4f74f3da1efb3a471dbce2c2d3b454490b857f7e6d346a536be8a,/scratch/s5130867/cv-corpus-13.0-2023-03-09/fy-NL/clips/common_voice_fy-NL_21502074.mp3,"""Ik seach út oer in toarre delling dêr't in rôffûgel boppe sweefde.""",2,0,sixties,female,,fy-NL,
54df6ef1a971b6ecdc5c8aadb25713e972828e6a2ba65e5d76feaf775491a01930e538bc88d4f74f3da1efb3a471dbce2c2d3b454490b857f7e6d346a536be8a,/scratch/s5130867/cv-corpus-13.0-2023-03-09/fy-NL/clips/common_voice_fy-NL_21515613.mp3,"""Der ferskynde in lang artikel oer dizze sekte.""",2,1,sixties,female,,fy-NL,
54df6ef1a971b6ecdc5c8aadb25713e972828e6a2ba65e5d76feaf775491a01930e538bc88d4f74f3da1efb3a471dbce2c2d3b454490b857f7e6d346a536be8a,/scratch/s5130867/cv-corpus-13.0-2023-03-09/fy-NL/clips/common_voice_fy-NL_21515636.mp3,"""Ik hearde dat se binnendoar omskarrele.""",2,0,sixties,female,,fy-NL,
54df6ef1a971b6ecdc5c8aadb25713e972828e6a2ba65e5d76feaf775491a01930e538bc88d4f74f3da1efb3a471dbce2c2d3b454490b857f7e6d346a536be8a,/scratch/s5130867/cv-corpus-13.0-2023-03-09/fy-NL/clips/common_voice_fy-NL_21515653.mp3,"""Hy kearde syn fyts om en trape grimmitich nei Den Haach werom.""",2,0,sixties,female,,fy-NL,
54df6ef1a971b6ecdc5c8aadb25713e972828e6a2ba65e5d76feaf775491a01930e538bc88d4f74f3da1efb3a471dbce2c2d3b454490b857f7e6d346a536be8a,/scratch/s5130867/cv-corpus-13.0-2023-03-09/fy-NL/clips/common_voice_fy-NL_21540555.mp3,"""Ho mar.""",2,0,sixties,female,,fy-NL,
54df6ef1a971b6ecdc5c8aadb25713e972828e6a2ba65e5d76feaf775491a01930e538bc88d4f74f3da1efb3a471dbce2c2d3b454490b857f7e6d346a536be8a,/scratch/s5130867/cv-corpus-13.0-2023-03-09/fy-NL/clips/common_voice_fy-NL_21540557.mp3,"""De earste kear frege ik my wol ôf wat it wêze soe.""",2,0,sixties,female,,fy-NL,
54df6ef1a971b6ecdc5c8aadb25713e972828e6a2ba65e5d76feaf775491a01930e538bc88d4f74f3da1efb3a471dbce2c2d3b454490b857f7e6d346a536be8a,/scratch/s5130867/cv-corpus-13.0-2023-03-09/fy-NL/clips/common_voice_fy-NL_21540572.mp3,"""Der is gjin minder wurk as neatdwaan.""",2,0,sixties,female,,fy-NL,
54df6ef1a971b6ecdc5c8aadb25713e972828e6a2ba65e5d76feaf775491a01930e538bc88d4f74f3da1efb3a471dbce2c2d3b454490b857f7e6d346a536be8a,/scratch/s5130867/cv-corpus-13.0-2023-03-09/fy-NL/clips/common_voice_fy-NL_21540574.mp3,"""Ofbrekkingsteken links.""",2,0,sixties,female,,fy-NL,
54df6ef1a971b6ecdc5c8aadb25713e972828e6a2ba65e5d76feaf775491a01930e538bc88d4f74f3da1efb3a471dbce2c2d3b454490b857f7e6d346a536be8a,/scratch/s5130867/cv-corpus-13.0-2023-03-09/fy-NL/clips/common_voice_fy-NL_21540575.mp3,"""Sa'n fiifhûndert minsken hawwe ferklearre dat se it meunster sjoen hiene.""",2,0,sixties,female,,fy-NL,
54df6ef1a971b6ecdc5c8aadb25713e972828e6a2ba65e5d76feaf775491a01930e538bc88d4f74f3da1efb3a471dbce2c2d3b454490b857f7e6d346a536be8a,/scratch/s5130867/cv-corpus-13.0-2023-03-09/fy-NL/clips/common_voice_fy-NL_21540577.mp3,"""Hy hat trije jier útsitten fan de tolve dêr't er ta feroardiele is.""",2,0,sixties,female,,fy-NL,
54df6ef1a971b6ecdc5c8aadb25713e972828e6a2ba65e5d76feaf775491a01930e538bc88d4f74f3da1efb3a471dbce2c2d3b454490b857f7e6d346a536be8a,/scratch/s5130867/cv-corpus-13.0-2023-03-09/fy-NL/clips/common_voice_fy-NL_21540578.mp3,"""Der binne in oantal redenen wêrom't in oanfraach net takend wurdt.""",2,0,sixties,female,,fy-NL,
54df6ef1a971b6ecdc5c8aadb25713e972828e6a2ba65e5d76feaf775491a01930e538bc88d4f74f3da1efb3a471dbce2c2d3b454490b857f7e6d346a536be8a,/scratch/s5130867/cv-corpus-13.0-2023-03-09/fy-NL/clips/common_voice_fy-NL_21540580.mp3,"""Hy hat mei de buorlju besocht de brân te dwêsten mar dat slagge net.""",2,0,sixties,female,,fy-NL,
54df6ef1a971b6ecdc5c8aadb25713e972828e6a2ba65e5d76feaf775491a01930e538bc88d4f74f3da1efb3a471dbce2c2d3b454490b857f7e6d346a536be8a,/scratch/s5130867/cv-corpus-13.0-2023-03-09/fy-NL/clips/common_voice_fy-NL_21540582.mp3,"""Spitigernôch woene de oaren net meiwurkje oan de reüny.""",2,0,sixties,female,,fy-NL,
54df6ef1a971b6ecdc5c8aadb25713e972828e6a2ba65e5d76feaf775491a01930e538bc88d4f74f3da1efb3a471dbce2c2d3b454490b857f7e6d346a536be8a,/scratch/s5130867/cv-corpus-13.0-2023-03-09/fy-NL/clips/common_voice_fy-NL_21540586.mp3,"""Ik wenje yn by my skoansoan dy't in pleats hat.""",2,0,sixties,female,,fy-NL,
54df6ef1a971b6ecdc5c8aadb25713e972828e6a2ba65e5d76feaf775491a01930e538bc88d4f74f3da1efb3a471dbce2c2d3b454490b857f7e6d346a536be8a,/scratch/s5130867/cv-corpus-13.0-2023-03-09/fy-NL/clips/common_voice_fy-NL_21540588.mp3,"""De posysje fan 'e abbekaat stiet ûnder druk.""",2,0,sixties,female,,fy-NL,
54df6ef1a971b6ecdc5c8aadb25713e972828e6a2ba65e5d76feaf775491a01930e538bc88d4f74f3da1efb3a471dbce2c2d3b454490b857f7e6d346a536be8a,/scratch/s5130867/cv-corpus-13.0-2023-03-09/fy-NL/clips/common_voice_fy-NL_21540591.mp3,"""Al tweintich jier wachtsje ik op in echt geskikte en betelbere elektryske auto.""",2,0,sixties,female,,fy-NL,
54df6ef1a971b6ecdc5c8aadb25713e972828e6a2ba65e5d76feaf775491a01930e538bc88d4f74f3da1efb3a471dbce2c2d3b454490b857f7e6d346a536be8a,/scratch/s5130867/cv-corpus-13.0-2023-03-09/fy-NL/clips/common_voice_fy-NL_21540592.mp3,"""Bist no hielendal gek wurden?""",2,0,sixties,female,,fy-NL,
54df6ef1a971b6ecdc5c8aadb25713e972828e6a2ba65e5d76feaf775491a01930e538bc88d4f74f3da1efb3a471dbce2c2d3b454490b857f7e6d346a536be8a,/scratch/s5130867/cv-corpus-13.0-2023-03-09/fy-NL/clips/common_voice_fy-NL_21557170.mp3,"""De sjonger is net lokkich, mar hy yt der goed fan.""",2,0,sixties,female,,fy-NL,
54df6ef1a971b6ecdc5c8aadb25713e972828e6a2ba65e5d76feaf775491a01930e538bc88d4f74f3da1efb3a471dbce2c2d3b454490b857f7e6d346a536be8a,/scratch/s5130867/cv-corpus-13.0-2023-03-09/fy-NL/clips/common_voice_fy-NL_21557172.mp3,"""Hy docht de skuon oan en draaft by de trep del.""",2,0,sixties,female,,fy-NL,
54df6ef1a971b6ecdc5c8aadb25713e972828e6a2ba65e5d76feaf775491a01930e538bc88d4f74f3da1efb3a471dbce2c2d3b454490b857f7e6d346a536be8a,/scratch/s5130867/cv-corpus-13.0-2023-03-09/fy-NL/clips/common_voice_fy-NL_21557175.mp3,"""Hy is op 't heden bedriuwslieder yn in supermerk yn Stienwyk.""",2,0,sixties,female,,fy-NL,
54df6ef1a971b6ecdc5c8aadb25713e972828e6a2ba65e5d76feaf775491a01930e538bc88d4f74f3da1efb3a471dbce2c2d3b454490b857f7e6d346a536be8a,/scratch/s5130867/cv-corpus-13.0-2023-03-09/fy-NL/clips/common_voice_fy-NL_21557178.mp3,"""Us buorman is wat al te goed fan 'e tongrieme snien.""",2,0,sixties,female,,fy-NL,
54df6ef1a971b6ecdc5c8aadb25713e972828e6a2ba65e5d76feaf775491a01930e538bc88d4f74f3da1efb3a471dbce2c2d3b454490b857f7e6d346a536be8a,/scratch/s5130867/cv-corpus-13.0-2023-03-09/fy-NL/clips/common_voice_fy-NL_21557184.mp3,"""Hy hie in winkeltsje mei papierguod en skriuwark.""",2,0,sixties,female,,fy-NL,
54df6ef1a971b6ecdc5c8aadb25713e972828e6a2ba65e5d76feaf775491a01930e538bc88d4f74f3da1efb3a471dbce2c2d3b454490b857f7e6d346a536be8a,/scratch/s5130867/cv-corpus-13.0-2023-03-09/fy-NL/clips/common_voice_fy-NL_21557185.mp3,"""Dy prosesje wurdt de tiisdeis nei de Pinkster holden.""",2,0,sixties,female,,fy-NL,
54df6ef1a971b6ecdc5c8aadb25713e972828e6a2ba65e5d76feaf775491a01930e538bc88d4f74f3da1efb3a471dbce2c2d3b454490b857f7e6d346a536be8a,/scratch/s5130867/cv-corpus-13.0-2023-03-09/fy-NL/clips/common_voice_fy-NL_21595737.mp3,"""Hja krije amper twa minuten om har wier te meitsjen.""",2,0,sixties,female,,fy-NL,
54df6ef1a971b6ecdc5c8aadb25713e972828e6a2ba65e5d76feaf775491a01930e538bc88d4f74f3da1efb3a471dbce2c2d3b454490b857f7e6d346a536be8a,/scratch/s5130867/cv-corpus-13.0-2023-03-09/fy-NL/clips/common_voice_fy-NL_21595749.mp3,"""Myn deistich berop is kastleinske.""",2,0,sixties,female,,fy-NL,
54df6ef1a971b6ecdc5c8aadb25713e972828e6a2ba65e5d76feaf775491a01930e538bc88d4f74f3da1efb3a471dbce2c2d3b454490b857f7e6d346a536be8a,/scratch/s5130867/cv-corpus-13.0-2023-03-09/fy-NL/clips/common_voice_fy-NL_21595758.mp3,"""De kûgel is troch de tsjerke.""",2,0,sixties,female,,fy-NL,
54df6ef1a971b6ecdc5c8aadb25713e972828e6a2ba65e5d76feaf775491a01930e538bc88d4f74f3da1efb3a471dbce2c2d3b454490b857f7e6d346a536be8a,/scratch/s5130867/cv-corpus-13.0-2023-03-09/fy-NL/clips/common_voice_fy-NL_21595762.mp3,"""Dat hat ien mei de dronkene harsens dien.""",2,0,sixties,female,,fy-NL,
54df6ef1a971b6ecdc5c8aadb25713e972828e6a2ba65e5d76feaf775491a01930e538bc88d4f74f3da1efb3a471dbce2c2d3b454490b857f7e6d346a536be8a,/scratch/s5130867/cv-corpus-13.0-2023-03-09/fy-NL/clips/common_voice_fy-NL_21595767.mp3,"""Der kin net in auto of in brommer mear troch.""",2,0,sixties,female,,fy-NL,
54df6ef1a971b6ecdc5c8aadb25713e972828e6a2ba65e5d76feaf775491a01930e538bc88d4f74f3da1efb3a471dbce2c2d3b454490b857f7e6d346a536be8a,/scratch/s5130867/cv-corpus-13.0-2023-03-09/fy-NL/clips/common_voice_fy-NL_21707465.mp3,"""Oare redenen om de stêd te ûntflechtsjen binne stress en loftfersmoarging.""",2,0,sixties,female,,fy-NL,
54df6ef1a971b6ecdc5c8aadb25713e972828e6a2ba65e5d76feaf775491a01930e538bc88d4f74f3da1efb3a471dbce2c2d3b454490b857f7e6d346a536be8a,/scratch/s5130867/cv-corpus-13.0-2023-03-09/fy-NL/clips/common_voice_fy-NL_21707701.mp3,"""Plysjeburo.""",2,0,sixties,female,,fy-NL,
db4ee58cb7f478be047a6a758aeede7e98b6f2b60188cdaf12c7202fe673a87513e785ac9f41f7f6e20c1de961c6fb9c1dc10e0754d051b62b86be4776cc4d15,/scratch/s5130867/cv-corpus-13.0-2023-03-09/fy-NL/clips/common_voice_fy-NL_30440571.mp3,"""Hy is koartlyn tachtich jier wurden.""",2,0,sixties,female,,fy-NL,
db4ee58cb7f478be047a6a758aeede7e98b6f2b60188cdaf12c7202fe673a87513e785ac9f41f7f6e20c1de961c6fb9c1dc10e0754d051b62b86be4776cc4d15,/scratch/s5130867/cv-corpus-13.0-2023-03-09/fy-NL/clips/common_voice_fy-NL_30449279.mp3,"""Som fan de wearden rjochts.""",2,0,sixties,female,,fy-NL,
db4ee58cb7f478be047a6a758aeede7e98b6f2b60188cdaf12c7202fe673a87513e785ac9f41f7f6e20c1de961c6fb9c1dc10e0754d051b62b86be4776cc4d15,/scratch/s5130867/cv-corpus-13.0-2023-03-09/fy-NL/clips/common_voice_fy-NL_30449281.mp3,"""Hja rieden troch de stille stêd yn moarnssfear nei it sikehús.""",2,0,sixties,female,,fy-NL,
db4ee58cb7f478be047a6a758aeede7e98b6f2b60188cdaf12c7202fe673a87513e785ac9f41f7f6e20c1de961c6fb9c1dc10e0754d051b62b86be4776cc4d15,/scratch/s5130867/cv-corpus-13.0-2023-03-09/fy-NL/clips/common_voice_fy-NL_30490787.mp3,"""Doe't ik troch de tún rûn, seach ik dat it ferzen hie.""",2,0,sixties,female,,fy-NL,
db4ee58cb7f478be047a6a758aeede7e98b6f2b60188cdaf12c7202fe673a87513e785ac9f41f7f6e20c1de961c6fb9c1dc10e0754d051b62b86be4776cc4d15,/scratch/s5130867/cv-corpus-13.0-2023-03-09/fy-NL/clips/common_voice_fy-NL_30490791.mp3,"""Ik haw hast in jier blessearre west.""",2,0,sixties,female,,fy-NL,
783827e1bac6390a2d26f9b4cfa16b1c8a8a71c7724318575777d605f829159fa1cc1bfdbb5b46c382e332b99524a2fe64462aa0defe0f58755cfc44be3fffb9,/scratch/s5130867/cv-corpus-13.0-2023-03-09/fy-NL/clips/common_voice_fy-NL_21634366.mp3,"""Om achttjin hûndert hinne wie hjir folle mear lân.""",2,0,sixties,female,,fy-NL,
783827e1bac6390a2d26f9b4cfa16b1c8a8a71c7724318575777d605f829159fa1cc1bfdbb5b46c382e332b99524a2fe64462aa0defe0f58755cfc44be3fffb9,/scratch/s5130867/cv-corpus-13.0-2023-03-09/fy-NL/clips/common_voice_fy-NL_21635265.mp3,"""Wat leaf, dat hiest echt net dwaan hoegd.""",2,0,sixties,female,,fy-NL,
783827e1bac6390a2d26f9b4cfa16b1c8a8a71c7724318575777d605f829159fa1cc1bfdbb5b46c382e332b99524a2fe64462aa0defe0f58755cfc44be3fffb9,/scratch/s5130867/cv-corpus-13.0-2023-03-09/fy-NL/clips/common_voice_fy-NL_21635448.mp3,"""Asjebleaft mefrou, gean jo gong.""",2,0,sixties,female,,fy-NL,
783827e1bac6390a2d26f9b4cfa16b1c8a8a71c7724318575777d605f829159fa1cc1bfdbb5b46c382e332b99524a2fe64462aa0defe0f58755cfc44be3fffb9,/scratch/s5130867/cv-corpus-13.0-2023-03-09/fy-NL/clips/common_voice_fy-NL_21642078.mp3,"""De âlde unifoarms moatte fuortdaliks ynlevere wurde.""",2,0,sixties,female,,fy-NL,
783827e1bac6390a2d26f9b4cfa16b1c8a8a71c7724318575777d605f829159fa1cc1bfdbb5b46c382e332b99524a2fe64462aa0defe0f58755cfc44be3fffb9,/scratch/s5130867/cv-corpus-13.0-2023-03-09/fy-NL/clips/common_voice_fy-NL_21642223.mp3,"""Haw mar efkes geduld.""",2,0,sixties,female,,fy-NL,
783827e1bac6390a2d26f9b4cfa16b1c8a8a71c7724318575777d605f829159fa1cc1bfdbb5b46c382e332b99524a2fe64462aa0defe0f58755cfc44be3fffb9,/scratch/s5130867/cv-corpus-13.0-2023-03-09/fy-NL/clips/common_voice_fy-NL_21642378.mp3,"""Wa nimt noch tiid foar in lange brief oan in freon?""",2,0,sixties,female,,fy-NL,
783827e1bac6390a2d26f9b4cfa16b1c8a8a71c7724318575777d605f829159fa1cc1bfdbb5b46c382e332b99524a2fe64462aa0defe0f58755cfc44be3fffb9,/scratch/s5130867/cv-corpus-13.0-2023-03-09/fy-NL/clips/common_voice_fy-NL_21691240.mp3,"""Elk feest dêr't ik sels west haw, wie hieltyd hartstikke geweldich.""",2,0,sixties,female,,fy-NL,
783827e1bac6390a2d26f9b4cfa16b1c8a8a71c7724318575777d605f829159fa1cc1bfdbb5b46c382e332b99524a2fe64462aa0defe0f58755cfc44be3fffb9,/scratch/s5130867/cv-corpus-13.0-2023-03-09/fy-NL/clips/common_voice_fy-NL_21709461.mp3,"""By de omrop stie ik oanskreaun as saakkundige foar East-Europa.""",2,0,sixties,female,,fy-NL,
783827e1bac6390a2d26f9b4cfa16b1c8a8a71c7724318575777d605f829159fa1cc1bfdbb5b46c382e332b99524a2fe64462aa0defe0f58755cfc44be3fffb9,/scratch/s5130867/cv-corpus-13.0-2023-03-09/fy-NL/clips/common_voice_fy-NL_21709462.mp3,"""Dat hele tsjerkhôf is hjir yn de mar ferdwûn.""",2,0,sixties,female,,fy-NL,
783827e1bac6390a2d26f9b4cfa16b1c8a8a71c7724318575777d605f829159fa1cc1bfdbb5b46c382e332b99524a2fe64462aa0defe0f58755cfc44be3fffb9,/scratch/s5130867/cv-corpus-13.0-2023-03-09/fy-NL/clips/common_voice_fy-NL_21709547.mp3,"""Ik wie negatyf ynsteld en seach al hiel lang neat mear posityf.""",2,0,sixties,female,,fy-NL,
783827e1bac6390a2d26f9b4cfa16b1c8a8a71c7724318575777d605f829159fa1cc1bfdbb5b46c382e332b99524a2fe64462aa0defe0f58755cfc44be3fffb9,/scratch/s5130867/cv-corpus-13.0-2023-03-09/fy-NL/clips/common_voice_fy-NL_21709549.mp3,"""Belje mem.""",2,1,sixties,female,,fy-NL,
783827e1bac6390a2d26f9b4cfa16b1c8a8a71c7724318575777d605f829159fa1cc1bfdbb5b46c382e332b99524a2fe64462aa0defe0f58755cfc44be3fffb9,/scratch/s5130867/cv-corpus-13.0-2023-03-09/fy-NL/clips/common_voice_fy-NL_21709613.mp3,"""De persoanlike omstannichheden wiene net altiten like fleurich.""",2,0,sixties,female,,fy-NL,
783827e1bac6390a2d26f9b4cfa16b1c8a8a71c7724318575777d605f829159fa1cc1bfdbb5b46c382e332b99524a2fe64462aa0defe0f58755cfc44be3fffb9,/scratch/s5130867/cv-corpus-13.0-2023-03-09/fy-NL/clips/common_voice_fy-NL_21709619.mp3,"""Dat docht bliken út in omfraach fan dizze krante.""",2,0,sixties,female,,fy-NL,
783827e1bac6390a2d26f9b4cfa16b1c8a8a71c7724318575777d605f829159fa1cc1bfdbb5b46c382e332b99524a2fe64462aa0defe0f58755cfc44be3fffb9,/scratch/s5130867/cv-corpus-13.0-2023-03-09/fy-NL/clips/common_voice_fy-NL_21709621.mp3,"""De deiboeken en de brieven wurde earst oer tritich jier frijjûn.""",2,0,sixties,female,,fy-NL,
783827e1bac6390a2d26f9b4cfa16b1c8a8a71c7724318575777d605f829159fa1cc1bfdbb5b46c382e332b99524a2fe64462aa0defe0f58755cfc44be3fffb9,/scratch/s5130867/cv-corpus-13.0-2023-03-09/fy-NL/clips/common_voice_fy-NL_21709655.mp3,"""Bioskoop.""",2,0,sixties,female,,fy-NL,
783827e1bac6390a2d26f9b4cfa16b1c8a8a71c7724318575777d605f829159fa1cc1bfdbb5b46c382e332b99524a2fe64462aa0defe0f58755cfc44be3fffb9,/scratch/s5130867/cv-corpus-13.0-2023-03-09/fy-NL/clips/common_voice_fy-NL_21727916.mp3,"""Nije rigel.""",2,0,sixties,female,,fy-NL,
783827e1bac6390a2d26f9b4cfa16b1c8a8a71c7724318575777d605f829159fa1cc1bfdbb5b46c382e332b99524a2fe64462aa0defe0f58755cfc44be3fffb9,/scratch/s5130867/cv-corpus-13.0-2023-03-09/fy-NL/clips/common_voice_fy-NL_21727921.mp3,"""Sy hawwe der foar keazen om fan de grûn in natuergebiet te meitsjen.""",3,0,sixties,female,,fy-NL,
783827e1bac6390a2d26f9b4cfa16b1c8a8a71c7724318575777d605f829159fa1cc1bfdbb5b46c382e332b99524a2fe64462aa0defe0f58755cfc44be3fffb9,/scratch/s5130867/cv-corpus-13.0-2023-03-09/fy-NL/clips/common_voice_fy-NL_21728099.mp3,"""Us húshâlding bestiet út fiif persoanen.""",2,0,sixties,female,,fy-NL,
783827e1bac6390a2d26f9b4cfa16b1c8a8a71c7724318575777d605f829159fa1cc1bfdbb5b46c382e332b99524a2fe64462aa0defe0f58755cfc44be3fffb9,/scratch/s5130867/cv-corpus-13.0-2023-03-09/fy-NL/clips/common_voice_fy-NL_21728144.mp3,"""Dy beide susters binne hiel knap.""",2,0,sixties,female,,fy-NL,
783827e1bac6390a2d26f9b4cfa16b1c8a8a71c7724318575777d605f829159fa1cc1bfdbb5b46c382e332b99524a2fe64462aa0defe0f58755cfc44be3fffb9,/scratch/s5130867/cv-corpus-13.0-2023-03-09/fy-NL/clips/common_voice_fy-NL_35942684.mp3,"""Natuerliker buorkjen moat in grutter ferskaat oan planten, bisten en fûgels opsmite.""",3,0,sixties,female,,fy-NL,
783827e1bac6390a2d26f9b4cfa16b1c8a8a71c7724318575777d605f829159fa1cc1bfdbb5b46c382e332b99524a2fe64462aa0defe0f58755cfc44be3fffb9,/scratch/s5130867/cv-corpus-13.0-2023-03-09/fy-NL/clips/common_voice_fy-NL_35995980.mp3,"""Twa plysjefroulju kontrolearje de besikers.""",2,0,sixties,female,,fy-NL,
b595f4b3154d246fa8d3573634dd515116268793d52e7b74190897e298dc710b90f4d198db82e757137195f316c9dbdc812cd69b662d454b605e2a657eca7aa0,/scratch/s5130867/cv-corpus-13.0-2023-03-09/fy-NL/clips/common_voice_fy-NL_28389734.mp3,"""Ik krij noch tweintich euro fan dy werom.""",2,0,eighties,male,,fy-NL,
18d624a18537ea2915b23a03c934ab925f48a7b4cbe70b5bb191d9fd3b8d3f3c77370cd93ff6c1b7b4bc60cdabf052377971ce08577b8d731fbd63cb03ca9b20,/scratch/s5130867/cv-corpus-13.0-2023-03-09/fy-NL/clips/common_voice_fy-NL_24599638.mp3,"""Wy kinne net oant yn de ivichheid dwaan as blet ús de noas.""",2,0,sixties,female,,fy-NL,
18d624a18537ea2915b23a03c934ab925f48a7b4cbe70b5bb191d9fd3b8d3f3c77370cd93ff6c1b7b4bc60cdabf052377971ce08577b8d731fbd63cb03ca9b20,/scratch/s5130867/cv-corpus-13.0-2023-03-09/fy-NL/clips/common_voice_fy-NL_24605100.mp3,"""Ik sjoch gjin inkelde reden om op te hâlden.""",2,0,sixties,female,,fy-NL,
18d624a18537ea2915b23a03c934ab925f48a7b4cbe70b5bb191d9fd3b8d3f3c77370cd93ff6c1b7b4bc60cdabf052377971ce08577b8d731fbd63cb03ca9b20,/scratch/s5130867/cv-corpus-13.0-2023-03-09/fy-NL/clips/common_voice_fy-NL_24605263.mp3,"""We moatte der mar in mouwe oan passe.""",3,0,sixties,female,,fy-NL,
18d624a18537ea2915b23a03c934ab925f48a7b4cbe70b5bb191d9fd3b8d3f3c77370cd93ff6c1b7b4bc60cdabf052377971ce08577b8d731fbd63cb03ca9b20,/scratch/s5130867/cv-corpus-13.0-2023-03-09/fy-NL/clips/common_voice_fy-NL_24605271.mp3,"""De nedige stipebedraggen binne astronomysk groeid.""",2,0,sixties,female,,fy-NL,
18d624a18537ea2915b23a03c934ab925f48a7b4cbe70b5bb191d9fd3b8d3f3c77370cd93ff6c1b7b4bc60cdabf052377971ce08577b8d731fbd63cb03ca9b20,/scratch/s5130867/cv-corpus-13.0-2023-03-09/fy-NL/clips/common_voice_fy-NL_24616974.mp3,"""Ynspeksjebesites oan ferpleechhûzen moatte net mear oankundige wurde.""",2,0,sixties,female,,fy-NL,
18d624a18537ea2915b23a03c934ab925f48a7b4cbe70b5bb191d9fd3b8d3f3c77370cd93ff6c1b7b4bc60cdabf052377971ce08577b8d731fbd63cb03ca9b20,/scratch/s5130867/cv-corpus-13.0-2023-03-09/fy-NL/clips/common_voice_fy-NL_24617632.mp3,"""Hjir koenen de minsken in boarreltsje krije gewoan yn de keamer.""",2,0,sixties,female,,fy-NL,
18d624a18537ea2915b23a03c934ab925f48a7b4cbe70b5bb191d9fd3b8d3f3c77370cd93ff6c1b7b4bc60cdabf052377971ce08577b8d731fbd63cb03ca9b20,/scratch/s5130867/cv-corpus-13.0-2023-03-09/fy-NL/clips/common_voice_fy-NL_24640831.mp3,"""De boargemaster docht in oprop om net sa gau lilk te wurden.""",2,0,sixties,female,,fy-NL,
18d624a18537ea2915b23a03c934ab925f48a7b4cbe70b5bb191d9fd3b8d3f3c77370cd93ff6c1b7b4bc60cdabf052377971ce08577b8d731fbd63cb03ca9b20,/scratch/s5130867/cv-corpus-13.0-2023-03-09/fy-NL/clips/common_voice_fy-NL_24640858.mp3,"""De formules yn dizze kolom werjaan.""",2,0,sixties,female,,fy-NL,
18d624a18537ea2915b23a03c934ab925f48a7b4cbe70b5bb191d9fd3b8d3f3c77370cd93ff6c1b7b4bc60cdabf052377971ce08577b8d731fbd63cb03ca9b20,/scratch/s5130867/cv-corpus-13.0-2023-03-09/fy-NL/clips/common_voice_fy-NL_24641020.mp3,"""Tagelyk mei de offisjele iepening waard in boek oer de bewenners presintearre.""",2,1,sixties,female,,fy-NL,
18d624a18537ea2915b23a03c934ab925f48a7b4cbe70b5bb191d9fd3b8d3f3c77370cd93ff6c1b7b4bc60cdabf052377971ce08577b8d731fbd63cb03ca9b20,/scratch/s5130867/cv-corpus-13.0-2023-03-09/fy-NL/clips/common_voice_fy-NL_24662557.mp3,"""Twa Ljouwerter oaljekoekbakkers hawwe in nij produkt betocht: in oaljekoek mei bearenburch.""",2,0,sixties,female,,fy-NL,
18d624a18537ea2915b23a03c934ab925f48a7b4cbe70b5bb191d9fd3b8d3f3c77370cd93ff6c1b7b4bc60cdabf052377971ce08577b8d731fbd63cb03ca9b20,/scratch/s5130867/cv-corpus-13.0-2023-03-09/fy-NL/clips/common_voice_fy-NL_24662609.mp3,"""It is oft de duvel dermei spilet.""",2,0,sixties,female,,fy-NL,
18d624a18537ea2915b23a03c934ab925f48a7b4cbe70b5bb191d9fd3b8d3f3c77370cd93ff6c1b7b4bc60cdabf052377971ce08577b8d731fbd63cb03ca9b20,/scratch/s5130867/cv-corpus-13.0-2023-03-09/fy-NL/clips/common_voice_fy-NL_24662615.mp3,"""No, sa is dat.""",2,0,sixties,female,,fy-NL,
18d624a18537ea2915b23a03c934ab925f48a7b4cbe70b5bb191d9fd3b8d3f3c77370cd93ff6c1b7b4bc60cdabf052377971ce08577b8d731fbd63cb03ca9b20,/scratch/s5130867/cv-corpus-13.0-2023-03-09/fy-NL/clips/common_voice_fy-NL_24662682.mp3,"""Men moat nea te beroerd wêze om in hantaast te dwaan.""",2,0,sixties,female,,fy-NL,
18d624a18537ea2915b23a03c934ab925f48a7b4cbe70b5bb191d9fd3b8d3f3c77370cd93ff6c1b7b4bc60cdabf052377971ce08577b8d731fbd63cb03ca9b20,/scratch/s5130867/cv-corpus-13.0-2023-03-09/fy-NL/clips/common_voice_fy-NL_24662683.mp3,"""Hja wiene isolearre fan sosjaal kontakt en hiene net folle mooglikheden om te bewegen.""",2,0,sixties,female,,fy-NL,
18d624a18537ea2915b23a03c934ab925f48a7b4cbe70b5bb191d9fd3b8d3f3c77370cd93ff6c1b7b4bc60cdabf052377971ce08577b8d731fbd63cb03ca9b20,/scratch/s5130867/cv-corpus-13.0-2023-03-09/fy-NL/clips/common_voice_fy-NL_24662717.mp3,"""Kinne dy minsken har dêr no op foarstean litte?""",2,0,sixties,female,,fy-NL,
18d624a18537ea2915b23a03c934ab925f48a7b4cbe70b5bb191d9fd3b8d3f3c77370cd93ff6c1b7b4bc60cdabf052377971ce08577b8d731fbd63cb03ca9b20,/scratch/s5130867/cv-corpus-13.0-2023-03-09/fy-NL/clips/common_voice_fy-NL_24672153.mp3,"""It duorret yn de regel in jier om nije masines meitsje te litten.""",2,1,sixties,female,,fy-NL,
18d624a18537ea2915b23a03c934ab925f48a7b4cbe70b5bb191d9fd3b8d3f3c77370cd93ff6c1b7b4bc60cdabf052377971ce08577b8d731fbd63cb03ca9b20,/scratch/s5130867/cv-corpus-13.0-2023-03-09/fy-NL/clips/common_voice_fy-NL_24672156.mp3,"""Alles dêr't gjin ferklearring foar te finen is, wurdt taskreaun oan kweageasten.""",2,0,sixties,female,,fy-NL,
18d624a18537ea2915b23a03c934ab925f48a7b4cbe70b5bb191d9fd3b8d3f3c77370cd93ff6c1b7b4bc60cdabf052377971ce08577b8d731fbd63cb03ca9b20,/scratch/s5130867/cv-corpus-13.0-2023-03-09/fy-NL/clips/common_voice_fy-NL_24680834.mp3,"""Hy wennet no al wer jierren yn Kimswert.""",2,0,sixties,female,,fy-NL,
17fa732cc4daa4e391489587e8256c9d8aef01ec878b1859094d63ad17852c22fc200b47d88050cb5f3ff3565b4e907adc70616211b5e120cffc6092f97be475,/scratch/s5130867/cv-corpus-13.0-2023-03-09/fy-NL/clips/common_voice_fy-NL_27589627.mp3,"""Doch de skeakeler yn 'e wenkeamer oan.""",2,0,sixties,female,,fy-NL,
17fa732cc4daa4e391489587e8256c9d8aef01ec878b1859094d63ad17852c22fc200b47d88050cb5f3ff3565b4e907adc70616211b5e120cffc6092f97be475,/scratch/s5130867/cv-corpus-13.0-2023-03-09/fy-NL/clips/common_voice_fy-NL_28361464.mp3,"""Dominy kin sa'n grutte tsjerke hast net bepreekje.""",2,0,sixties,female,,fy-NL,
17fa732cc4daa4e391489587e8256c9d8aef01ec878b1859094d63ad17852c22fc200b47d88050cb5f3ff3565b4e907adc70616211b5e120cffc6092f97be475,/scratch/s5130867/cv-corpus-13.0-2023-03-09/fy-NL/clips/common_voice_fy-NL_36963980.mp3,"""De measte biblioteken organisearje spesjale middeis dêr't op foarlêzen wurdt.""",2,0,sixties,female,,fy-NL,
ddd1689db56740f5e7d778c0c2e9def49c0adaaa82c8a428af229f605a57062310fcf13887fc00fd750da6dd9a8c3291d00816604dae7ec78e2ee20cb3799373,/scratch/s5130867/cv-corpus-13.0-2023-03-09/fy-NL/clips/common_voice_fy-NL_21524742.mp3,"""De brânwacht kaam mei meardere weinen nei de brân ta, mar it foel ta.""",2,0,sixties,female,,fy-NL,
ddd1689db56740f5e7d778c0c2e9def49c0adaaa82c8a428af229f605a57062310fcf13887fc00fd750da6dd9a8c3291d00816604dae7ec78e2ee20cb3799373,/scratch/s5130867/cv-corpus-13.0-2023-03-09/fy-NL/clips/common_voice_fy-NL_21734026.mp3,"""Dêr't it hert fol fan is, dêr rint de mûle fan oer.""",2,0,sixties,female,,fy-NL,
ddd1689db56740f5e7d778c0c2e9def49c0adaaa82c8a428af229f605a57062310fcf13887fc00fd750da6dd9a8c3291d00816604dae7ec78e2ee20cb3799373,/scratch/s5130867/cv-corpus-13.0-2023-03-09/fy-NL/clips/common_voice_fy-NL_22979908.mp3,"""Hy is al in pear dagen net op skoalle kaam.""",2,0,sixties,female,,fy-NL,
ddd1689db56740f5e7d778c0c2e9def49c0adaaa82c8a428af229f605a57062310fcf13887fc00fd750da6dd9a8c3291d00816604dae7ec78e2ee20cb3799373,/scratch/s5130867/cv-corpus-13.0-2023-03-09/fy-NL/clips/common_voice_fy-NL_22979928.mp3,"""Neffens ferskate meiwurkers waard mei klachten neat dien.""",2,0,sixties,female,,fy-NL,
ddd1689db56740f5e7d778c0c2e9def49c0adaaa82c8a428af229f605a57062310fcf13887fc00fd750da6dd9a8c3291d00816604dae7ec78e2ee20cb3799373,/scratch/s5130867/cv-corpus-13.0-2023-03-09/fy-NL/clips/common_voice_fy-NL_22979942.mp3,"""Yn de moderne maatskippij fynt in konsintraasje plak fan bedriuwen.""",2,0,sixties,female,,fy-NL,
ddd1689db56740f5e7d778c0c2e9def49c0adaaa82c8a428af229f605a57062310fcf13887fc00fd750da6dd9a8c3291d00816604dae7ec78e2ee20cb3799373,/scratch/s5130867/cv-corpus-13.0-2023-03-09/fy-NL/clips/common_voice_fy-NL_22980050.mp3,"""De natuer in hantsje helpe is hieltyd gewoaner wurden.""",2,0,sixties,female,,fy-NL,
ddd1689db56740f5e7d778c0c2e9def49c0adaaa82c8a428af229f605a57062310fcf13887fc00fd750da6dd9a8c3291d00816604dae7ec78e2ee20cb3799373,/scratch/s5130867/cv-corpus-13.0-2023-03-09/fy-NL/clips/common_voice_fy-NL_23216981.mp3,"""Dêr stie ik dan yn myn wite nachtklean en op bleate fuotten.""",2,0,sixties,female,,fy-NL,
ddd1689db56740f5e7d778c0c2e9def49c0adaaa82c8a428af229f605a57062310fcf13887fc00fd750da6dd9a8c3291d00816604dae7ec78e2ee20cb3799373,/scratch/s5130867/cv-corpus-13.0-2023-03-09/fy-NL/clips/common_voice_fy-NL_23821349.mp3,"""Sa leverje wij allegearre ús bydrage ta ferbettering fan de wrâld.""",2,0,sixties,female,,fy-NL,
ddd1689db56740f5e7d778c0c2e9def49c0adaaa82c8a428af229f605a57062310fcf13887fc00fd750da6dd9a8c3291d00816604dae7ec78e2ee20cb3799373,/scratch/s5130867/cv-corpus-13.0-2023-03-09/fy-NL/clips/common_voice_fy-NL_23853536.mp3,"""De opbringsten wiene yn in pear gefallen wol twa kear sa heech.""",2,0,sixties,female,,fy-NL,
ddd1689db56740f5e7d778c0c2e9def49c0adaaa82c8a428af229f605a57062310fcf13887fc00fd750da6dd9a8c3291d00816604dae7ec78e2ee20cb3799373,/scratch/s5130867/cv-corpus-13.0-2023-03-09/fy-NL/clips/common_voice_fy-NL_23853582.mp3,"""Hoefolle wetter kin it gers op de dyk oan?""",2,0,sixties,female,,fy-NL,
ddd1689db56740f5e7d778c0c2e9def49c0adaaa82c8a428af229f605a57062310fcf13887fc00fd750da6dd9a8c3291d00816604dae7ec78e2ee20cb3799373,/scratch/s5130867/cv-corpus-13.0-2023-03-09/fy-NL/clips/common_voice_fy-NL_23956845.mp3,"""Oan de ein fan it stik wurdt dúdlik wêrom de soan syn mem hatet.""",2,0,sixties,female,,fy-NL,
ddd1689db56740f5e7d778c0c2e9def49c0adaaa82c8a428af229f605a57062310fcf13887fc00fd750da6dd9a8c3291d00816604dae7ec78e2ee20cb3799373,/scratch/s5130867/cv-corpus-13.0-2023-03-09/fy-NL/clips/common_voice_fy-NL_23956930.mp3,"""Hja hawwe in hiel team bern.""",2,0,sixties,female,,fy-NL,
ddd1689db56740f5e7d778c0c2e9def49c0adaaa82c8a428af229f605a57062310fcf13887fc00fd750da6dd9a8c3291d00816604dae7ec78e2ee20cb3799373,/scratch/s5130867/cv-corpus-13.0-2023-03-09/fy-NL/clips/common_voice_fy-NL_24129691.mp3,"""Dit suksesfolle pear dûnse it hiele wedstriidseizoen in soad prizen byinoar.""",2,0,sixties,female,,fy-NL,
ddd1689db56740f5e7d778c0c2e9def49c0adaaa82c8a428af229f605a57062310fcf13887fc00fd750da6dd9a8c3291d00816604dae7ec78e2ee20cb3799373,/scratch/s5130867/cv-corpus-13.0-2023-03-09/fy-NL/clips/common_voice_fy-NL_24129723.mp3,"""Foar- en tsjinstanners reagearje fûl op de boykot.""",2,0,sixties,female,,fy-NL,
ddd1689db56740f5e7d778c0c2e9def49c0adaaa82c8a428af229f605a57062310fcf13887fc00fd750da6dd9a8c3291d00816604dae7ec78e2ee20cb3799373,/scratch/s5130867/cv-corpus-13.0-2023-03-09/fy-NL/clips/common_voice_fy-NL_24129995.mp3,"""Set ûndertitels oan.""",2,0,sixties,female,,fy-NL,
